JavaGuide;https://github.com/Snailclimb/JavaGuide;Snailclimb;136967;Java;0;0;0;5
spring-boot;https://github.com/spring-projects/spring-boot;spring-projects;69286;Java;0;0;245;10
tutorials;https://github.com/eugenp/tutorials;eugenp;34857;Java;0;0;0;10
redisson;https://github.com/redisson/redisson;redisson;21739;Java;0;0;132;9
graal;https://github.com/oracle/graal;oracle;19004;Python;0;0;32;7
SpringBoot-Learning;https://github.com/dyc87112/SpringBoot-Learning;dyc87112;15344;Java;0;0;0;7
vert.x;https://github.com/eclipse-vertx/vert.x;eclipse-vertx;13763;HTML;0;0;0;12
Arduino;https://github.com/arduino/Arduino;arduino;13726;Java;0;0;37;12
pinpoint;https://github.com/pinpoint-apm/pinpoint;pinpoint-apm;12956;Shell;0;0;55;8
stetho;https://github.com/facebookarchive/stetho;facebookarchive;12652;Python;0;0;13;8
androidannotations;https://github.com/androidannotations/androidannotations;androidannotations;11105;Java;0;0;0;11
FileDownloader;https://github.com/lingochamp/FileDownloader;lingochamp;10858;Java;0;0;65;7
newbee-mall;https://github.com/newbee-ltd/newbee-mall;newbee-ltd;10364;Java;0;0;0;3
languagetool;https://github.com/languagetool-org/languagetool;languagetool-org;10006;Shell;0;0;0;10
plantuml;https://github.com/plantuml/plantuml;plantuml;8609;Java;0;0;33;12
Android-SpinKit;https://github.com/ybq/Android-SpinKit;ybq;8480;Java;0;0;0;7
atlas;https://github.com/alibaba/atlas;alibaba;8103;CMake;0;0;7;6
EhViewer;https://github.com/seven332/EhViewer;seven332;8015;Java;0;0;97;9
material-theme-jetbrains;https://github.com/ChrisRM/material-theme-jetbrains;ChrisRM;7863;Java;0;0;17;7
zfile;https://github.com/zfile-dev/zfile;zfile-dev;7787;Java;0;0;61;4
ShortcutBadger;https://github.com/leolin310148/ShortcutBadger;leolin310148;7293;Java;0;0;0;9
graylog2-server;https://github.com/Graylog2/graylog2-server;Graylog2;6740;Shell;0;0;0;13
processing;https://github.com/processing/processing;processing;6390;Java;0;0;48;10
KnowStreaming;https://github.com/didi/KnowStreaming;didi;6375;Java;0;0;22;3
MinecraftForge;https://github.com/MinecraftForge/MinecraftForge;MinecraftForge;6343;Java;0;0;0;11
JavaTutorial;https://github.com/h2pl/JavaTutorial;h2pl;6197;Java;0;0;1;5
EffectiveAndroidUI;https://github.com/pedrovgs/EffectiveAndroidUI;pedrovgs;6028;Java;0;0;0;9
physical-web;https://github.com/google/physical-web;google;6018;Java;0;0;17;8
material-calendarview;https://github.com/prolificinteractive/material-calendarview;prolificinteractive;5885;Java;0;0;22;8
itstack-demo-design;https://github.com/fuzhengwei/itstack-demo-design;fuzhengwei;5806;Java;0;0;0;3
barcodescanner;https://github.com/dm77/barcodescanner;dm77;5454;Java;0;0;6;9
DependencyCheck;https://github.com/jeremylong/DependencyCheck;jeremylong;5350;Java;0;0;54;11
wechat;https://github.com/motianhuo/wechat;motianhuo;5314;Java;0;0;0;8
otto;https://github.com/square/otto;square;5183;Shell;0;0;0;11
lettuce-core;https://github.com/lettuce-io/lettuce-core;lettuce-io;5096;Java;0;0;108;9
TVBoxOSC;https://github.com/CatVodTVOfficial/TVBoxOSC;CatVodTVOfficial;5039;Java;0;0;0;1
NavigationTabBar;https://github.com/Devlight/NavigationTabBar;Devlight;4950;Java;0;0;13;7
spring-security-oauth;https://github.com/spring-attic/spring-security-oauth;spring-attic;4677;Java;0;0;0;12
SwitchButton;https://github.com/kyleduo/SwitchButton;kyleduo;4657;Java;0;0;0;9
jetlinks-community;https://github.com/jetlinks/jetlinks-community;jetlinks;4574;Java;0;0;18;3
rocketmq-externals;https://github.com/apache/rocketmq-externals;apache;4471;Shell;0;0;0;6
lwjgl3;https://github.com/LWJGL/lwjgl3;LWJGL;4340;C;0;0;17;10
graphhopper;https://github.com/graphhopper/graphhopper;graphhopper;4285;Java;0;0;40;11
BGABanner-Android;https://github.com/bingoogolapple/BGABanner-Android;bingoogolapple;4155;Java;0;0;0;8
Geyser;https://github.com/GeyserMC/Geyser;GeyserMC;4120;Java;0;0;0;4
flink-recommandSystem-demo;https://github.com/will-che/flink-recommandSystem-demo;will-che;3936;Java;0;0;0;4
ahbottomnavigation;https://github.com/aurelhubert/ahbottomnavigation;aurelhubert;3856;Java;0;0;14;7
roboguice;https://github.com/roboguice/roboguice;roboguice;3781;Java;0;0;0;11
jacoco;https://github.com/jacoco/jacoco;jacoco;3765;Java;0;0;46;11
crate;https://github.com/crate/crate;crate;3762;Java;0;0;75;10
spruce-android;https://github.com/willowtreeapps/spruce-android;willowtreeapps;3716;Java;0;0;3;6
incubator-heron;https://github.com/apache/incubator-heron;apache;3644;Python;0;0;56;7
Skeleton;https://github.com/ethanhua/Skeleton;ethanhua;3590;Java;0;0;0;6
awaitility;https://github.com/awaitility/awaitility;awaitility;3514;Groovy;0;0;0;13
android-maps-utils;https://github.com/googlemaps/android-maps-utils;googlemaps;3480;Java;0;0;36;10
react-native-share;https://github.com/react-native-share/react-native-share;react-native-share;3407;Java;0;0;111;7
BottomNavigationViewEx;https://github.com/ittianyu/BottomNavigationViewEx;ittianyu;3402;Java;0;0;19;6
PreviewSeekBar;https://github.com/rubensousa/PreviewSeekBar;rubensousa;3388;Java;0;0;10;6
jackson-databind;https://github.com/FasterXML/jackson-databind;FasterXML;3349;Java;0;0;0;11
migration;https://github.com/phodal/migration;phodal;3265;Rust;0;0;0;3
hope-boot;https://github.com/java-aodeng/hope-boot;java-aodeng;3260;Java;0;0;2;4
Android-Tips;https://github.com/tangqi92/Android-Tips;tangqi92;3232;Java;0;0;0;8
AndroidViewHover;https://github.com/daimajia/AndroidViewHover;daimajia;3204;Java;0;0;4;9
WePush;https://github.com/rememberber/WePush;rememberber;3181;Java;0;0;55;6
ReLinker;https://github.com/KeepSafe/ReLinker;KeepSafe;3042;Java;0;0;12;7
DraggablePanel;https://github.com/pedrovgs/DraggablePanel;pedrovgs;2997;Java;0;0;10;9
Head-First-Design-Patterns;https://github.com/bethrobson/Head-First-Design-Patterns;bethrobson;2947;Java;0;0;0;9
VasDolly;https://github.com/Tencent/VasDolly;Tencent;2867;Java;0;0;16;6
XhsEmoticonsKeyboard;https://github.com/w446108264/XhsEmoticonsKeyboard;w446108264;2847;Java;0;0;7;8
robotium;https://github.com/RobotiumTech/robotium;RobotiumTech;2828;Java;0;0;0;13
dynamic-tp;https://github.com/dromara/dynamic-tp;dromara;2828;Java;0;0;10;1
ExpectAnim;https://github.com/florent37/ExpectAnim;florent37;2786;Java;0;0;1;6
Component;https://github.com/xiaojinzi123/Component;xiaojinzi123;2777;Java;0;0;98;5
ANR-WatchDog;https://github.com/SalomonBrys/ANR-WatchDog;SalomonBrys;2753;Java;0;0;1;10
AlgorithmsSedgewick;https://github.com/aistrate/AlgorithmsSedgewick;aistrate;2735;Java;0;0;0;11
android-database-sqlcipher;https://github.com/sqlcipher/android-database-sqlcipher;sqlcipher;2686;Makefile;0;0;0;12
ArgusAPM;https://github.com/Qihoo360/ArgusAPM;Qihoo360;2634;Kotlin;0;0;0;4
thymeleaf;https://github.com/thymeleaf/thymeleaf;thymeleaf;2609;Java;0;0;5;11
Aliucord;https://github.com/Aliucord/Aliucord;Aliucord;2607;Java;0;0;12;2
FlowingDrawer;https://github.com/mxn21/FlowingDrawer;mxn21;2567;Java;0;0;0;8
SopCastComponent;https://github.com/LaiFeng-Android/SopCastComponent;LaiFeng-Android;2476;Java;0;0;0;6
flume;https://github.com/apache/flume;apache;2450;Shell;0;0;0;12
tape;https://github.com/square/tape;square;2447;Shell;0;0;0;11
Material-Movies;https://github.com/saulmm/Material-Movies;saulmm;2440;Java;0;0;0;8
jieba-analysis;https://github.com/huaban/jieba-analysis;huaban;2381;Shell;0;0;0;10
SikuliX1;https://github.com/RaiMan/SikuliX1;RaiMan;2359;JavaScript;0;0;9;5
FlycoDialog_Master;https://github.com/H07000223/FlycoDialog_Master;H07000223;2281;Java;0;0;3;8
materialistic;https://github.com/hidroh/materialistic;hidroh;2271;Java;0;0;15;8
WMRouter;https://github.com/meituan/WMRouter;meituan;2249;Java;0;0;6;5
SpringBoot;https://github.com/lxy-go/SpringBoot;lxy-go;2185;HTML;0;0;0;5
moquette;https://github.com/moquette-io/moquette;moquette-io;2174;HTML;0;0;9;8
restcountries;https://github.com/apilayer/restcountries;apilayer;2171;Java;0;0;19;9
BlockCanaryEx;https://github.com/seiginonakama/BlockCanaryEx;seiginonakama;2164;Java;0;0;0;6
react-native-mapbox-gl;https://github.com/nitaliano/react-native-mapbox-gl;nitaliano;2153;Shell;0;0;30;8
curator;https://github.com/Netflix/curator;Netflix;2138;Java;0;0;0;12
PlaceHolderView;https://github.com/janishar/PlaceHolderView;janishar;2111;Java;0;0;22;7
seckill;https://github.com/lyrric/seckill;lyrric;2062;Java;0;0;7;3
open-event-droidgen;https://github.com/fossasia/open-event-droidgen;fossasia;2049;Java;0;0;12;8
XueQiuSuperSpider;https://github.com/decaywood/XueQiuSuperSpider;decaywood;2043;Java;0;0;0;7
Intro-To-RxJava;https://github.com/Froussios/Intro-To-RxJava;Froussios;2043;Java;0;0;0;8
dynamic-datasource;https://github.com/baomidou/dynamic-datasource;baomidou;4194;Java;0;0;15;5
CoordinatorTabLayout;https://github.com/hugeterry/CoordinatorTabLayout;hugeterry;4184;Java;0;0;0;6
JKeyboardPanelSwitch;https://github.com/Jacksgong/JKeyboardPanelSwitch;Jacksgong;4177;Java;0;0;14;8
InternetArchitect;https://github.com/bjmashibing/InternetArchitect;bjmashibing;4177;Java;0;0;0;3
java-eight-part;https://github.com/CoderLeixiaoshuai/java-eight-part;CoderLeixiaoshuai;4161;Java;0;0;0;2
AndroidTutorialForBeginners;https://github.com/hussien89aa/AndroidTutorialForBeginners;hussien89aa;4156;Java;0;0;0;6
Tangram-Android;https://github.com/alibaba/Tangram-Android;alibaba;4111;Java;0;0;38;6
killbill;https://github.com/killbill/killbill;killbill;4088;Java;0;0;142;10
DesignPattern;https://github.com/youlookwhat/DesignPattern;youlookwhat;4086;Java;0;0;0;6
ExpandableTextView;https://github.com/Manabu-GT/ExpandableTextView;Manabu-GT;4072;Java;0;0;4;9
powermock;https://github.com/powermock/powermock;powermock;4062;Java;0;0;16;9
failsafe;https://github.com/failsafe-lib/failsafe;failsafe-lib;3990;Java;0;0;0;8
jpexs-decompiler;https://github.com/jindrapetrik/jpexs-decompiler;jindrapetrik;3915;Java;0;0;149;9
maxwell;https://github.com/zendesk/maxwell;zendesk;3768;Shell;0;0;203;8
AutoX;https://github.com/kkevsekk1/AutoX;kkevsekk1;3767;Java;0;0;75;3
sofa-rpc;https://github.com/sofastack/sofa-rpc;sofastack;3748;Java;0;0;56;5
DataMiningAlgorithm;https://github.com/linyiqun/DataMiningAlgorithm;linyiqun;3729;Java;0;0;0;8
andOTP;https://github.com/andOTP/andOTP;andOTP;3712;Java;0;0;38;6
logisim-evolution;https://github.com/logisim-evolution/logisim-evolution;logisim-evolution;3631;Tcl;0;0;29;8
Linkage-RecyclerView;https://github.com/KunMinX/Linkage-RecyclerView;KunMinX;3563;Java;0;0;0;4
databus;https://github.com/linkedin/databus;linkedin;3544;Shell;0;0;0;10
poi-tl;https://github.com/Sayi/poi-tl;Sayi;3528;Java;0;0;13;8
jmonkeyengine;https://github.com/jMonkeyEngine/jmonkeyengine;jMonkeyEngine;3525;HTML;0;0;56;9
ripme;https://github.com/RipMeApp/ripme;RipMeApp;3515;Batchfile;0;0;126;6
netty-learning;https://github.com/code4craft/netty-learning;code4craft;3512;Java;0;0;0;9
java-developer-roadmap;https://github.com/s4kibs4mi/java-developer-roadmap;s4kibs4mi;3431;Java;0;0;0;4
AlgoDS;https://github.com/sherxon/AlgoDS;sherxon;3412;Java;0;0;0;6
leetcode-editor;https://github.com/shuzijun/leetcode-editor;shuzijun;3388;Java;0;0;45;4
JavaEETest;https://github.com/lenve/JavaEETest;lenve;3346;Java;0;0;0;6
archi;https://github.com/ivacf/archi;ivacf;3343;Java;0;0;0;8
AutoDispose;https://github.com/uber/AutoDispose;uber;3320;Shell;0;0;4;6
RxAndroidBle;https://github.com/dariuszseweryn/RxAndroidBle;dariuszseweryn;3302;Java;0;0;56;7
BannerViewPager;https://github.com/zhpanvip/BannerViewPager;zhpanvip;3298;Java;0;0;56;6
jvm-serializers;https://github.com/eishay/jvm-serializers;eishay;3242;Java;0;0;0;13
Digital;https://github.com/hneemann/Digital;hneemann;3223;Java;0;0;34;7
network-connection-class;https://github.com/facebookarchive/network-connection-class;facebookarchive;3171;Java;0;0;2;8
QNotified;https://github.com/ferredoxin/QNotified;ferredoxin;3163;Shell;0;0;28;4
afinal;https://github.com/yangfuhai/afinal;yangfuhai;3162;Java;0;0;0;10
citypicker;https://github.com/crazyandcoder/citypicker;crazyandcoder;3160;Java;0;0;4;7
java;https://github.com/kubernetes-client/java;kubernetes-client;3117;Java;0;0;37;6
android-mvp-mvvm-flytour;https://github.com/mxdldev/android-mvp-mvvm-flytour;mxdldev;3115;Java;0;0;11;4
jabref;https://github.com/JabRef/jabref;JabRef;3109;Python;0;0;38;9
RxEasyHttp;https://github.com/zhou-you/RxEasyHttp;zhou-you;3101;Java;0;0;0;6
react-native-notifications;https://github.com/wix/react-native-notifications;wix;3074;Objective-C;0;0;27;7
ViewpagerTransition;https://github.com/xmuSistone/ViewpagerTransition;xmuSistone;3039;Java;0;0;1;6
AndroidChromium;https://github.com/JackyAndroid/AndroidChromium;JackyAndroid;3038;Java;0;0;2;7
DeepLearning;https://github.com/yusugomori/DeepLearning;yusugomori;3011;C;0;0;0;10
shattered-pixel-dungeon;https://github.com/00-Evan/shattered-pixel-dungeon;00-Evan;3004;Java;0;0;45;9
AndroidTVLauncher;https://github.com/JackyAndroid/AndroidTVLauncher;JackyAndroid;2992;Java;0;0;3;7
house;https://github.com/wenbochang888/house;wenbochang888;2975;Java;0;0;0;4
jitwatch;https://github.com/AdoptOpenJDK/jitwatch;AdoptOpenJDK;2939;Shell;0;0;11;9
Android-Terminal-Emulator;https://github.com/jackpal/Android-Terminal-Emulator;jackpal;2918;Java;0;0;0;13
CountdownView;https://github.com/iwgang/CountdownView;iwgang;2902;Java;0;0;3;7
FadingActionBar;https://github.com/ManuelPeinado/FadingActionBar;ManuelPeinado;2875;Groovy;0;0;0;10
AarogyaSetu_Android;https://github.com/nic-delhi/AarogyaSetu_Android;nic-delhi;2862;Kotlin;0;0;0;3
blueocean-plugin;https://github.com/jenkinsci/blueocean-plugin;jenkinsci;2857;Java;0;0;50;7
EasyPhotos;https://github.com/HuanTanSheng/EasyPhotos;HuanTanSheng;2854;Java;0;0;58;5
elasticsearch-jdbc;https://github.com/jprante/elasticsearch-jdbc;jprante;2840;Shell;0;0;19;11
PhotoPicker;https://github.com/donglua/PhotoPicker;donglua;2829;Java;0;0;13;8
PagerBottomTabStrip;https://github.com/tyzlmjj/PagerBottomTabStrip;tyzlmjj;2828;Java;0;0;12;8
tools-ocr;https://github.com/AnyListen/tools-ocr;AnyListen;2774;Java;0;0;5;4
scalpel;https://github.com/JakeWharton/scalpel;JakeWharton;2770;Java;0;0;0;9
spring-native;https://github.com/spring-attic/spring-native;spring-attic;2752;Shell;0;0;33;4
transferee;https://github.com/Hitomis/transferee;Hitomis;2736;Java;0;0;8;6
elasticsearch-analysis-pinyin;https://github.com/medcl/elasticsearch-analysis-pinyin;medcl;2730;Java;0;0;189;11
weixin-java-tools;https://github.com/chanjarster/weixin-java-tools;chanjarster;2719;Java;0;0;21;9
spring;https://github.com/mybatis/spring;mybatis;2701;Java;0;0;31;10
android-open-source-project-analysis;https://github.com/sucese/android-open-source-project-analysis;sucese;2675;Java;0;0;0;6
Grav;https://github.com/glomadrian/Grav;glomadrian;2673;Java;0;0;0;6
docker-maven-plugin;https://github.com/spotify/docker-maven-plugin;spotify;2652;Java;0;0;0;9
docker-java;https://github.com/docker-java/docker-java;docker-java;2644;Shell;0;0;49;9
android-developer-roadmap;https://github.com/amitshekhariitbhu/android-developer-roadmap;amitshekhariitbhu;2639;Java;0;0;0;4
soot;https://github.com/soot-oss/soot;soot-oss;2639;HTML;0;0;1;11
agrona;https://github.com/real-logic/agrona;real-logic;2627;Java;0;0;82;8
ProgressManager;https://github.com/JessYanCoding/ProgressManager;JessYanCoding;2626;Java;0;0;9;6
syncthing-android;https://github.com/syncthing/syncthing-android;syncthing;2624;Java;0;0;308;9
joda-time-android;https://github.com/dlew/joda-time-android;dlew;2618;Java;0;0;42;9
keywhiz;https://github.com/square/keywhiz;square;2606;Java;0;0;3;8
dex-method-counts;https://github.com/mihaip/dex-method-counts;mihaip;2597;Shell;0;0;0;9
AndroidFire;https://github.com/jaydenxiao2016/AndroidFire;jaydenxiao2016;2597;Java;0;0;0;6
configuration-as-code-plugin;https://github.com/jenkinsci/configuration-as-code-plugin;jenkinsci;2580;Java;0;0;75;5
cyberduck;https://github.com/iterate-ch/cyberduck;iterate-ch;2578;Java;0;0;0;6
DiagonalLayout;https://github.com/florent37/DiagonalLayout;florent37;2574;Java;0;0;0;6
phimpme-android;https://github.com/fossasia/phimpme-android;fossasia;2559;Java;0;0;8;11
heritrix3;https://github.com/internetarchive/heritrix3;internetarchive;2541;Java;0;0;13;11
OkSocket;https://github.com/xuuhaoo/OkSocket;xuuhaoo;2529;Java;0;0;12;5
classgraph;https://github.com/classgraph/classgraph;classgraph;2510;Java;0;0;404;9
sqlite-jdbc;https://github.com/xerial/sqlite-jdbc;xerial;2505;Makefile;0;0;22;9
Movie_Recommend;https://github.com/LuckyZXL2016/Movie_Recommend;LuckyZXL2016;2498;Java;0;0;0;5
ShimmerLayout;https://github.com/team-supercharge/ShimmerLayout;team-supercharge;2493;Java;0;0;0;6
SlidingTutorial-Android;https://github.com/Cleveroad/SlidingTutorial-Android;Cleveroad;2490;Java;0;0;0;7
CarouselLayoutManager;https://github.com/Azoft/CarouselLayoutManager;Azoft;2485;Java;0;0;0;7
spring-batch;https://github.com/spring-projects/spring-batch;spring-projects;2447;Java;0;0;37;12
assertj;https://github.com/assertj/assertj;assertj;2414;Java;0;0;4;10
FreeFlow;https://github.com/Comcast/FreeFlow;Comcast;2411;Java;0;0;1;9
easy163;https://github.com/ndroi/easy163;ndroi;2407;Java;0;0;23;3
dinky;https://github.com/DataLinkDC/dinky;DataLinkDC;2385;Java;0;0;16;2
ListenerMusicPlayer;https://github.com/hefuyicoder/ListenerMusicPlayer;hefuyicoder;2382;Java;0;0;0;6
Cknife;https://github.com/Chora10/Cknife;Chora10;2373;Java;0;0;0;7
TextSurface;https://github.com/elevenetc/TextSurface;elevenetc;2347;Java;0;0;2;7
PlayWidget;https://github.com/Cleveroad/PlayWidget;Cleveroad;366;Java;0;0;0;7
mybatis-paginator;https://github.com/lidatui/mybatis-paginator;lidatui;366;Java;0;0;0;10
mvc-exceptions;https://github.com/paulc4/mvc-exceptions;paulc4;365;Java;0;0;0;9
android-sliding-menu-demo;https://github.com/gitgrimbo/android-sliding-menu-demo;gitgrimbo;364;Java;0;0;0;11
android-xbmcremote;https://github.com/freezy/android-xbmcremote;freezy;364;Java;0;0;0;12
meter;https://github.com/googlecreativelab/meter;googlecreativelab;362;HTML;0;0;0;7
WashingMachineView;https://github.com/naman14/WashingMachineView;naman14;362;Java;0;0;1;8
GoogleDateTimePickers;https://github.com/Mirkoddd/GoogleDateTimePickers;Mirkoddd;362;Java;0;0;0;10
Android-EmotionInputDetector;https://github.com/dss886/Android-EmotionInputDetector;dss886;361;Java;0;0;1;7
MVPAndroidBootstrap;https://github.com/richardradics/MVPAndroidBootstrap;richardradics;361;Java;0;0;0;8
AnyShareOfAndroid;https://github.com/gpfduoduo/AnyShareOfAndroid;gpfduoduo;361;Java;0;0;0;8
java-multi-thread-programming;https://github.com/loveincode/java-multi-thread-programming;loveincode;360;Java;0;0;0;6
elasticsearch-analysis-mmseg;https://github.com/medcl/elasticsearch-analysis-mmseg;medcl;359;Java;0;0;29;11
ShootRefreshView;https://github.com/dinuscxj/ShootRefreshView;dinuscxj;357;Java;0;0;0;6
secure-storage-android;https://github.com/adorsys/secure-storage-android;adorsys;357;Java;0;0;0;6
react-native-tensorflow;https://github.com/reneweb/react-native-tensorflow;reneweb;357;Java;0;0;0;5
Android-Face-Recognition-with-Deep-Learning-Test-Framework;https://github.com/Qualeams/Android-Face-Recognition-with-Deep-Learning-Test-Framework;Qualeams;357;Java;0;0;6;7
AutosizeEditText;https://github.com/txusballesteros/AutosizeEditText;txusballesteros;356;Java;0;0;0;7
FocusSurfaceView;https://github.com/CGmaybe10/FocusSurfaceView;CGmaybe10;354;Java;0;0;1;6
reactive-streams-commons;https://github.com/spring-attic/reactive-streams-commons;spring-attic;352;CSS;0;0;0;7
RxPicker;https://github.com/imuhao/RxPicker;imuhao;350;Java;0;0;0;6
mybatis-datalimit;https://github.com/caixunshi/mybatis-datalimit;caixunshi;350;Java;0;0;0;3
Aspose.Words-for-Java;https://github.com/aspose-words/Aspose.Words-for-Java;aspose-words;349;Java;0;0;13;11
Advance-Android-Tutorials;https://github.com/StacktipsLab/Advance-Android-Tutorials;StacktipsLab;346;Java;0;0;0;10
jenkins-gitlab-merge-request-builder-plugin;https://github.com/timols/jenkins-gitlab-merge-request-builder-plugin;timols;345;Java;0;0;0;10
clockwise;https://github.com/ustwo/clockwise;ustwo;345;Java;0;0;0;8
mqtt-spy;https://github.com/kamilfb/mqtt-spy;kamilfb;344;Java;0;0;13;8
MaterialDialogSearchView;https://github.com/chandrudotxyz/MaterialDialogSearchView;chandrudotxyz;344;Java;0;0;0;7
VX-API-Gateway;https://github.com/EliMirren/VX-API-Gateway;EliMirren;343;Java;0;0;8;5
TongBanJie;https://github.com/movexmanlife/TongBanJie;movexmanlife;343;Java;0;0;0;7
AndroidtoAppleVectorLogo;https://github.com/lewismcgeary/AndroidtoAppleVectorLogo;lewismcgeary;343;Java;0;0;1;7
oltu-oauth2-example;https://github.com/ameizi/oltu-oauth2-example;ameizi;340;Java;0;0;0;8
spring-boot-mybatis-rw;https://github.com/chenlei2/spring-boot-mybatis-rw;chenlei2;340;Java;0;0;2;7
shop;https://github.com/RojerAlone/shop;RojerAlone;340;Java;0;0;0;6
grox;https://github.com/groupon/grox;groupon;340;XSLT;0;0;0;6
CurrencyEditText;https://github.com/BlacKCaT27/CurrencyEditText;BlacKCaT27;340;Java;0;0;11;8
Instagram_Filter;https://github.com/yulu/Instagram_Filter;yulu;339;Java;0;0;0;9
spring-boot;https://github.com/je-ge/spring-boot;je-ge;338;Java;0;0;0;6
monkey-android;https://github.com/yeungeek/monkey-android;yeungeek;337;Java;0;0;1;7
iveely.search;https://github.com/Fanping/iveely.search;Fanping;335;Java;0;0;4;9
ddd-strategic-design-spring-boot;https://github.com/mploed/ddd-strategic-design-spring-boot;mploed;335;Java;0;0;0;7
AndroidProgressLayout;https://github.com/antonkrasov/AndroidProgressLayout;antonkrasov;334;Java;0;0;0;8
amazon-kinesis-scaling-utils;https://github.com/awslabs/amazon-kinesis-scaling-utils;awslabs;333;Shell;0;0;8;8
griffon;https://github.com/griffon/griffon;griffon;332;Groovy;0;0;2;12
springboot2.0-oauth2;https://github.com/longfeizheng/springboot2.0-oauth2;longfeizheng;332;Java;0;0;0;5
ShapedImageView;https://github.com/gavinliu/ShapedImageView;gavinliu;332;Java;0;0;9;7
FEL;https://github.com/yahoo/FEL;yahoo;332;Java;0;0;0;7
boot-dubbo;https://github.com/Percy0601/boot-dubbo;Percy0601;331;Java;0;0;0;8
niubi-job;https://github.com/xiaolongzuo/niubi-job;xiaolongzuo;329;Java;0;0;0;7
TinderView;https://github.com/GadgetCheck/TinderView;GadgetCheck;328;Java;0;0;0;7
amazon-kinesis-connectors;https://github.com/amazon-archives/amazon-kinesis-connectors;amazon-archives;328;Java;0;0;3;9
mybatipse;https://github.com/mybatis/mybatipse;mybatis;328;Java;0;0;3;9
redux-java;https://github.com/glung/redux-java;glung;327;Java;0;0;2;7
Android-Material-SearchView;https://github.com/EugeneHoran/Android-Material-SearchView;EugeneHoran;326;Java;0;0;0;8
Constraints;https://github.com/hitherejoe/Constraints;hitherejoe;326;Java;0;0;0;7
RxFlux;https://github.com/marcelpinto/RxFlux;marcelpinto;326;Java;0;0;2;7
elasticsearch-http-basic;https://github.com/Asquera/elasticsearch-http-basic;Asquera;326;Shell;0;0;8;11
spring-boot-vue-admin;https://github.com/Zoctan/spring-boot-vue-admin;Zoctan;325;Shell;0;0;0;5
ShadowHelper;https://github.com/zhengcx/ShadowHelper;zhengcx;324;Java;0;0;1;5
PinterestListView;https://github.com/vladexologija/PinterestListView;vladexologija;324;Java;0;0;0;10
jaxrs-analyzer;https://github.com/sdaschner/jaxrs-analyzer;sdaschner;320;Java;0;0;6;8
SideNavigation;https://github.com/johnkil/SideNavigation;johnkil;319;C#;0;0;2;11
OverWatchLoading;https://github.com/zhangyuChen1991/OverWatchLoading;zhangyuChen1991;319;Java;0;0;0;6
spring-boot-starter-hbase;https://github.com/SpringForAll/spring-boot-starter-hbase;SpringForAll;319;Java;0;0;1;6
dubbo-plus;https://github.com/dubboclub/dubbo-plus;dubboclub;318;Java;0;0;1;8
AlginProject;https://github.com/Amterson/AlginProject;Amterson;317;Java;0;0;1;3
spans;https://github.com/flavienlaurent/spans;flavienlaurent;315;Groovy;0;0;0;9
materialtest;https://github.com/slidenerd/materialtest;slidenerd;314;Java;0;0;0;8
coding-guide_i3geek;https://github.com/yangengzhe/coding-guide_i3geek;yangengzhe;313;Java;0;0;0;7
XLog;https://github.com/promeG/XLog;promeG;313;Java;0;0;2;8
sdkdemoapp3.0_android;https://github.com/easemob/sdkdemoapp3.0_android;easemob;313;Java;0;0;0;8
AnimatedPathView;https://github.com/matthewrkula/AnimatedPathView;matthewrkula;313;Java;0;0;0;9
QuickNote;https://github.com/HuTianQi/QuickNote;HuTianQi;313;Java;0;0;0;7
roman10-android-tutorial;https://github.com/roman10/roman10-android-tutorial;roman10;312;Java;0;0;0;12
spring-security-oauth2-boot;https://github.com/spring-attic/spring-security-oauth2-boot;spring-attic;312;Java;0;0;95;5
stormpot;https://github.com/chrisvest/stormpot;chrisvest;312;Shell;0;0;9;12
ViewPagerHeaderScrollDemo;https://github.com/ongakuer/ViewPagerHeaderScrollDemo;ongakuer;311;Java;0;0;0;8
YCStatusBar;https://github.com/yangchong211/YCStatusBar;yangchong211;311;Java;0;0;2;5
react-native-smart-barcode;https://github.com/react-native-component/react-native-smart-barcode;react-native-component;310;JavaScript;0;0;0;7
springCloud;https://github.com/acloudyh/springCloud;acloudyh;310;Java;0;0;1;2
DecompileApk;https://github.com/damonliuchn/DecompileApk;damonliuchn;310;Shell;0;0;0;8
javaCrawling;https://github.com/qiyaTech/javaCrawling;qiyaTech;309;Java;0;0;0;6
android-loading-dialog;https://github.com/liangchengcheng/android-loading-dialog;liangchengcheng;309;Java;0;0;0;7
Android-TopScrollHelper;https://github.com/kmshack/Android-TopScrollHelper;kmshack;309;Java;0;0;0;7
EasySplashScreen;https://github.com/pantrif/EasySplashScreen;pantrif;309;Java;0;0;0;7
UpMarqueeTextView-master;https://github.com/dreamlivemeng/UpMarqueeTextView-master;dreamlivemeng;309;Java;0;0;0;7
lighthouse;https://github.com/vinumeris/lighthouse;vinumeris;309;Java;0;0;2;9
SquareLoading;https://github.com/yuweiguocn/SquareLoading;yuweiguocn;308;Java;0;0;3;6
SublimeNavigationView;https://github.com/vikramkakkar/SublimeNavigationView;vikramkakkar;308;Java;0;0;0;7
Algo-Practice;https://github.com/qcer/Algo-Practice;qcer;307;Java;0;0;0;6
RxFirebase;https://github.com/nmoskalenko/RxFirebase;nmoskalenko;306;Java;0;0;0;7
floatingMenu;https://github.com/rjsvieira/floatingMenu;rjsvieira;304;Java;0;0;4;6
ComponentizationApp;https://github.com/cxyxlxdm/ComponentizationApp;cxyxlxdm;303;Java;0;0;0;6
cannonball-android;https://github.com/crashlytics/cannonball-android;crashlytics;302;Java;0;0;6;8
KJGallery;https://github.com/kymjs/KJGallery;kymjs;302;Java;0;0;0;7
JsonToJava;https://github.com/jonfhancock/JsonToJava;jonfhancock;302;JavaScript;0;0;0;10
ChipsLibrary;https://github.com/AndroidDeveloperLB/ChipsLibrary;AndroidDeveloperLB;301;Java;0;0;0;9
ParcelableGenerator;https://github.com/baoyongzhang/ParcelableGenerator;baoyongzhang;301;Java;0;0;1;9
VideoDemoQcl;https://github.com/qiushi123/VideoDemoQcl;qiushi123;301;Java;0;0;0;7
FJEditTextCount;https://github.com/FJ917/FJEditTextCount;FJ917;300;Java;0;0;4;6
PlumbTextView;https://github.com/lybeat/PlumbTextView;lybeat;279;Java;0;0;0;6
NativePageTransitions;https://github.com/Telerik-Verified-Plugins/NativePageTransitions;Telerik-Verified-Plugins;278;JavaScript;0;0;37;9
AdBlockedWebView-Android;https://github.com/AmniX/AdBlockedWebView-Android;AmniX;278;Java;0;0;0;6
VerticalViewPager;https://github.com/LambergaR/VerticalViewPager;LambergaR;277;Java;0;0;0;10
DynamicCardLayout;https://github.com/dodola/DynamicCardLayout;dodola;276;Java;0;0;0;10
pipes;https://github.com/tinkerpop/pipes;tinkerpop;275;Java;0;0;0;13
android_my_pull_refresh_view;https://github.com/hehonghui/android_my_pull_refresh_view;hehonghui;275;Java;0;0;0;9
springboot-shiro;https://github.com/zhangyd-c/springboot-shiro;zhangyd-c;275;Java;0;0;0;5
SmartGattLib;https://github.com/movisens/SmartGattLib;movisens;275;Java;0;0;6;10
Nox;https://github.com/pedrovgs/Nox;pedrovgs;274;Java;0;0;1;8
IonIconView;https://github.com/MarsVard/IonIconView;MarsVard;274;Groovy;0;0;0;9
Algorithms;https://github.com/xiaoyuzdy/Algorithms;xiaoyuzdy;274;Java;0;0;0;7
TigerVideo;https://github.com/huyongli/TigerVideo;huyongli;273;Java;0;0;0;6
AppTour;https://github.com/vlonjatg/AppTour;vlonjatg;271;Java;0;0;0;8
PeriscopeLayout;https://github.com/AlanCheen/PeriscopeLayout;AlanCheen;271;Java;0;0;0;7
SkyStone;https://github.com/FIRST-Tech-Challenge/SkyStone;FIRST-Tech-Challenge;271;Java;0;0;6;4
SmartFonts;https://github.com/smart-fun/SmartFonts;smart-fun;271;Java;0;0;5;6
MediaPlayer;https://github.com/geniusgithub/MediaPlayer;geniusgithub;270;Java;0;0;0;10
VectorDemo;https://github.com/xuyisheng/VectorDemo;xuyisheng;268;Java;0;0;0;7
gradle-examples;https://github.com/pkainulainen/gradle-examples;pkainulainen;268;Java;0;0;0;9
android-material-chips;https://github.com/DoodleScheduling/android-material-chips;DoodleScheduling;268;Java;0;0;4;7
server;https://github.com/domeos/server;domeos;268;JavaScript;0;0;6;7
sync-android;https://github.com/cloudant/sync-android;cloudant;268;Java;0;0;14;9
spring-boot-postgresql-jpa-hibernate-rest-api-demo;https://github.com/callicoder/spring-boot-postgresql-jpa-hibernate-rest-api-demo;callicoder;267;Java;0;0;0;5
TimePicker;https://github.com/jingchenUSTC/TimePicker;jingchenUSTC;267;Java;0;0;0;8
InkeVerticalViewPagerLive;https://github.com/xingstarx/InkeVerticalViewPagerLive;xingstarx;266;Java;0;0;0;6
trianglify;https://github.com/mdgspace/trianglify;mdgspace;265;Java;0;0;2;6
statusbartextcolorchange;https://github.com/xiewenfeng/statusbartextcolorchange;xiewenfeng;264;Java;0;0;0;6
YaPlayer;https://github.com/ymcao/YaPlayer;ymcao;264;Java;0;0;0;9
weiboPicDownloader;https://github.com/yAnXImIN/weiboPicDownloader;yAnXImIN;264;Java;0;0;0;6
spring-boot-starter-batch-web;https://github.com/codecentric/spring-boot-starter-batch-web;codecentric;263;Shell;0;0;14;9
easygcm;https://github.com/inloop/easygcm;inloop;263;Java;0;0;0;8
BackgroundViewPager;https://github.com/MoshDev/BackgroundViewPager;MoshDev;262;Java;0;0;0;10
tedis;https://github.com/justified/tedis;justified;262;N/A;0;0;0;11
faunus;https://github.com/thinkaurelius/faunus;thinkaurelius;260;Shell;0;0;0;11
pngj;https://github.com/leonbloy/pngj;leonbloy;260;Java;0;0;0;8
alipay;https://github.com/ihaolin/alipay;ihaolin;260;Java;0;0;0;7
LeetCode-Java;https://github.com/leetcoders/LeetCode-Java;leetcoders;260;Java;0;0;0;8
springsource-cloudfoundry-samples;https://github.com/vmware-archive/springsource-cloudfoundry-samples;vmware-archive;259;Shell;0;0;0;12
Flubber;https://github.com/Appolica/Flubber;Appolica;259;Java;0;0;0;6
shadowsocks-java;https://github.com/TongxiJi/shadowsocks-java;TongxiJi;258;Java;0;0;4;5
capacitor-firebase-auth;https://github.com/baumblatt/capacitor-firebase-auth;baumblatt;257;Ruby;0;0;0;4
IThouse;https://github.com/danxinzhicheng/IThouse;danxinzhicheng;257;CMake;0;0;0;5
RxSocialConnect-Android;https://github.com/VictorAlbertos/RxSocialConnect-Android;VictorAlbertos;257;Java;0;0;14;7
FragmentTransitionSample;https://github.com/bherbst/FragmentTransitionSample;bherbst;255;Java;0;0;0;7
fastdep;https://github.com/louislivi/fastdep;louislivi;255;Java;0;0;8;3
clusterkraf;https://github.com/twotoasters/clusterkraf;twotoasters;255;Java;0;0;0;10
admiral;https://github.com/vmware-archive/admiral;vmware-archive;254;Java;0;0;23;7
AndroidOpenTextbook;https://github.com/TechBooster/AndroidOpenTextbook;TechBooster;253;JavaScript;0;0;0;9
SizeAdjustingTextView;https://github.com/erchenger/SizeAdjustingTextView;erchenger;253;Java;0;0;0;9
springboot-technology;https://github.com/shuaishaui/springboot-technology;shuaishaui;252;Java;0;0;0;3
glazy-viewpager;https://github.com/kannan-anbu/glazy-viewpager;kannan-anbu;250;Java;0;0;0;6
DownLoadManager;https://github.com/shanyao0/DownLoadManager;shanyao0;250;Java;0;0;0;7
mall;https://github.com/5kywa1ker/mall;5kywa1ker;250;Java;0;0;1;5
java-spring-jaeger;https://github.com/opentracing-contrib/java-spring-jaeger;opentracing-contrib;249;Java;0;0;26;5
json-wikipedia;https://github.com/diegoceccarelli/json-wikipedia;diegoceccarelli;248;Shell;0;0;0;10
fonticon;https://github.com/shamanland/fonticon;shamanland;248;Java;0;0;0;9
Fragment-Switcher;https://github.com/jacobtabak/Fragment-Switcher;jacobtabak;247;Java;0;0;0;9
AlipayPullRefresh;https://github.com/xmuSistone/AlipayPullRefresh;xmuSistone;246;Java;0;0;0;4
SlideMenuLayout;https://github.com/JingYeoh/SlideMenuLayout;JingYeoh;246;Java;0;0;0;6
AdvancedTextSwitcher;https://github.com/sumimakito/AdvancedTextSwitcher;sumimakito;245;Java;0;0;1;8
elasticsearch;https://github.com/mesos/elasticsearch;mesos;245;Java;0;0;12;8
react-native-system-notification;https://github.com/zetavg/react-native-system-notification;zetavg;245;Java;0;0;0;7
MagicCamera;https://github.com/Dean1990/MagicCamera;Dean1990;245;Java;0;0;0;5
spring-social-facebook;https://github.com/spring-attic/spring-social-facebook;spring-attic;244;Java;0;0;0;12
mCalendarView;https://github.com/SpongeBobSun/mCalendarView;SpongeBobSun;243;Java;0;0;0;8
datetimepicker;https://github.com/CiTuX/datetimepicker;CiTuX;243;Java;0;0;5;9
SuperRecycleView;https://github.com/GongWnbo/SuperRecycleView;GongWnbo;243;Java;0;0;0;5
luckymoney;https://github.com/chenjishi/luckymoney;chenjishi;243;Java;0;0;0;8
android-mqtt-service;https://github.com/JesseFarebro/android-mqtt-service;JesseFarebro;243;Java;0;0;0;10
MagicButton;https://github.com/bloderxd/MagicButton;bloderxd;242;Java;0;0;0;7
lambadaframework;https://github.com/cagataygurturk/lambadaframework;cagataygurturk;242;Java;0;0;5;7
blackhole;https://github.com/code4craft/blackhole;code4craft;242;Shell;0;0;2;10
RecyclerRefresh;https://github.com/VeerHan/RecyclerRefresh;VeerHan;241;Java;0;0;0;7
JianDanRxJava;https://github.com/ZhaoKaiQiang/JianDanRxJava;ZhaoKaiQiang;240;Java;0;0;0;7
junit-dataprovider;https://github.com/TNG/junit-dataprovider;TNG;240;Java;0;0;39;10
Chandelier;https://github.com/prolificinteractive/Chandelier;prolificinteractive;240;Java;0;0;1;7
glacieruploader;https://github.com/MoriTanosuke/glacieruploader;MoriTanosuke;239;Java;0;0;5;11
SlideMenu;https://github.com/TangKe/SlideMenu;TangKe;239;Java;0;0;0;10
PandaEye;https://github.com/PandaQAQ/PandaEye;PandaQAQ;239;Java;0;0;0;6
jsoup-annotations;https://github.com/fcannizzaro/jsoup-annotations;fcannizzaro;239;Java;0;0;4;6
jbt;https://github.com/gaia-ucm/jbt;gaia-ucm;238;Perl;0;0;0;10
MapViewPager;https://github.com/nitrico/MapViewPager;nitrico;238;Java;0;0;1;7
spring-cloud-k8s-ci-template;https://github.com/johnhuang-cn/spring-cloud-k8s-ci-template;johnhuang-cn;237;Java;0;0;0;5
rsc;https://github.com/making/rsc;making;237;Java;0;0;20;3
android-datepicker;https://github.com/SimonVT/android-datepicker;SimonVT;236;Java;0;0;0;11
SHSwipeRefreshLayout;https://github.com/miomin/SHSwipeRefreshLayout;miomin;235;Java;0;0;2;7
aixuexiao;https://github.com/zhiyuncloud/aixuexiao;zhiyuncloud;234;CSS;0;0;0;10
jellyball;https://github.com/ImmortalZ/jellyball;ImmortalZ;234;Java;0;0;0;7
ClassifyView;https://github.com/AlphaBoom/ClassifyView;AlphaBoom;234;Java;0;0;1;6
Albianj2;https://github.com/crosg/Albianj2;crosg;234;Java;0;0;1;7
RxJava3-preview;https://github.com/akarnokd/RxJava3-preview;akarnokd;234;Shell;0;0;1;6
GAlette;https://github.com/uPhyca/GAlette;uPhyca;233;Java;0;0;0;9
Jetpack-MVVM-PPJoke;https://github.com/zion223/Jetpack-MVVM-PPJoke;zion223;233;Java;0;0;0;3
core;https://github.com/s4/core;s4;232;Shell;0;0;0;12
shawn-common-utils;https://github.com/shawntime/shawn-common-utils;shawntime;232;Java;0;0;0;6
PullRecycler;https://github.com/Stay/PullRecycler;Stay;232;Java;0;0;0;7
paranamer;https://github.com/paul-hammant/paranamer;paul-hammant;231;Java;0;0;0;13
adblockplusandroid;https://github.com/adblockplus/adblockplusandroid;adblockplus;231;Python;0;0;0;10
StubbornJava;https://github.com/StubbornJava/StubbornJava;StubbornJava;231;Java;0;0;33;6
GEEK;https://github.com/XiqingLiu/GEEK;XiqingLiu;153;Java;0;0;0;7
architecture-build;https://github.com/fighter-lee/architecture-build;fighter-lee;153;Java;0;0;0;6
recycle_header_adapter;https://github.com/CrazyTaro/recycle_header_adapter;CrazyTaro;153;Java;0;0;0;7
ImageLoader;https://github.com/xuningjack/ImageLoader;xuningjack;153;Java;0;0;0;5
TaoSchool;https://github.com/Hankkin/TaoSchool;Hankkin;153;Java;0;0;0;7
CoverFlow;https://github.com/xuningjack/CoverFlow;xuningjack;153;Java;0;0;0;6
MusicPlus;https://github.com/YeDaxia/MusicPlus;YeDaxia;153;Java;0;0;0;7
SwipeRefreshDemo;https://github.com/Hankkin/SwipeRefreshDemo;Hankkin;153;Java;0;0;0;7
schema-repo;https://github.com/schema-repo/schema-repo;schema-repo;153;Java;0;0;4;8
kafka-example-in-scala;https://github.com/smallnest/kafka-example-in-scala;smallnest;152;Java;0;0;0;8
ExpandTabView;https://github.com/yueyueniao2012/ExpandTabView;yueyueniao2012;152;Java;0;0;0;10
ToolbarMenudrawer;https://github.com/HiFIi/ToolbarMenudrawer;HiFIi;152;Java;0;0;0;8
AddressSelector;https://github.com/Blincheng/AddressSelector;Blincheng;152;Java;0;0;5;6
android-play-games-in-motion;https://github.com/googlesamples/android-play-games-in-motion;googlesamples;152;Java;0;0;0;8
clean-project-architecture;https://github.com/ccj659/clean-project-architecture;ccj659;152;Java;0;0;0;7
FilterSelectorListView;https://github.com/pchauhan/FilterSelectorListView;pchauhan;152;Java;0;0;0;8
RingButton;https://github.com/yankai-victor/RingButton;yankai-victor;152;Java;0;0;0;8
UCBrowser;https://github.com/zibuyuqing/UCBrowser;zibuyuqing;152;Java;0;0;0;5
BetterVectorDrawable;https://github.com/a-student/BetterVectorDrawable;a-student;151;Java;0;0;2;8
FluxyAndroidTodo;https://github.com/armueller/FluxyAndroidTodo;armueller;151;Java;0;0;0;8
EWeightScale;https://github.com/Jhuster/EWeightScale;Jhuster;151;HTML;0;0;1;8
Android-Timeline-View;https://github.com/akshaykale/Android-Timeline-View;akshaykale;151;Java;0;0;0;6
mvp-to-mvvm-transition;https://github.com/Nilzor/mvp-to-mvvm-transition;Nilzor;151;Java;0;0;0;8
Android-CommonRefreshLayout;https://github.com/mylhyl/Android-CommonRefreshLayout;mylhyl;151;Java;0;0;0;7
Material_MusicPlayerView;https://github.com/amineghabi/Material_MusicPlayerView;amineghabi;151;Java;0;0;0;8
FakeSearchView;https://github.com/leonardoxh/FakeSearchView;leonardoxh;150;Java;0;0;0;8
flutter_contacts;https://github.com/fluttercommunity/flutter_contacts;fluttercommunity;150;Java;0;0;0;5
actionbarextras;https://github.com/ricardoalcocer/actionbarextras;ricardoalcocer;150;JavaScript;0;0;0;9
jawampa;https://github.com/Matthias247/jawampa;Matthias247;150;Java;0;0;0;8
picasso-transformations;https://github.com/TannerPerrien/picasso-transformations;TannerPerrien;150;Java;0;0;0;9
gateway-dubbox;https://github.com/zhuzhong/gateway-dubbox;zhuzhong;150;Java;0;0;0;6
restcomm-android-sdk;https://github.com/RestComm/restcomm-android-sdk;RestComm;150;Java;0;0;10;9
Deacon;https://github.com/davidrea/Deacon;davidrea;150;Java;0;0;0;13
fangyuanshili;https://github.com/huangfangyi/fangyuanshili;huangfangyi;150;Java;0;0;0;7
typekit;https://github.com/tsengvn/typekit;tsengvn;149;Java;0;0;0;8
FirUpdater;https://github.com/sunfusheng/FirUpdater;sunfusheng;149;Java;0;0;12;5
FaceRecognition;https://github.com/kymjs/FaceRecognition;kymjs;149;Java;0;0;0;8
verticaltextview;https://github.com/xuningjack/verticaltextview;xuningjack;149;Java;0;0;0;6
PrismView;https://github.com/ppamorim/PrismView;ppamorim;149;Java;0;0;3;8
CoordinateKeyboard;https://github.com/taoliuh/CoordinateKeyboard;taoliuh;149;Java;0;0;0;7
servlet-core-learning;https://github.com/JeffLi1993/servlet-core-learning;JeffLi1993;149;Java;0;0;0;8
SnapUpCountDownTimerView;https://github.com/aesion/SnapUpCountDownTimerView;aesion;148;Java;0;0;0;7
ChinaMap;https://github.com/xchengx/ChinaMap;xchengx;148;Java;0;0;0;7
CodeBox;https://github.com/jianghejie/CodeBox;jianghejie;148;Java;0;0;0;8
LoadViewHelper;https://github.com/LuckyJayce/LoadViewHelper;LuckyJayce;148;Java;0;0;0;8
DirectMemory;https://github.com/raffaeleguidi/DirectMemory;raffaeleguidi;148;Java;0;0;0;12
wallpaper;https://github.com/kysonzhu/wallpaper;kysonzhu;148;Ruby;0;0;0;5
Android-DebugPort;https://github.com/jasonwyatt/Android-DebugPort;jasonwyatt;148;Java;0;0;11;7
MVVMRxJavaRetrofitSample;https://github.com/githubhaohao/MVVMRxJavaRetrofitSample;githubhaohao;148;Java;0;0;0;6
TitanjumNote;https://github.com/jungletian/TitanjumNote;jungletian;148;Java;0;0;0;8
elasticsearch-http-user-auth;https://github.com/elasticfence/elasticsearch-http-user-auth;elasticfence;148;Java;0;0;10;7
WPEditText;https://github.com/mrmilu/WPEditText;mrmilu;148;Java;0;0;1;8
continuous-audiorecorder;https://github.com/lassana/continuous-audiorecorder;lassana;147;Java;0;0;0;10
baleen;https://github.com/dstl/baleen;dstl;147;Java;0;0;7;8
android-mqtt-quickstart;https://github.com/bytehala/android-mqtt-quickstart;bytehala;147;Java;0;0;0;7
Remote-Bluetooth-Android;https://github.com/luugiathuy/Remote-Bluetooth-Android;luugiathuy;147;Java;0;0;0;12
react-native-web-image;https://github.com/vovkasm/react-native-web-image;vovkasm;147;Java;0;0;3;6
Luban-Circle-Demo;https://github.com/huijimuhe/Luban-Circle-Demo;huijimuhe;146;Java;0;0;0;7
select_picture_module;https://github.com/xuningjack/select_picture_module;xuningjack;146;Java;0;0;0;6
ImageCropper;https://github.com/Jhuster/ImageCropper;Jhuster;146;Java;0;0;3;8
Tuyi;https://github.com/donlan/Tuyi;donlan;146;Java;0;0;0;7
CrossBow;https://github.com/patrick-doyle/CrossBow;patrick-doyle;146;Makefile;0;0;0;9
yfiton;https://github.com/yfiton/yfiton;yfiton;146;Java;0;0;3;7
assistant-with-discovery;https://github.com/watson-developer-cloud/assistant-with-discovery;watson-developer-cloud;145;JavaScript;0;0;2;7
spring-cloud-etcd;https://github.com/spring-attic/spring-cloud-etcd;spring-attic;145;Shell;0;0;0;8
Ask;https://github.com/00ec454/Ask;00ec454;145;Java;0;0;0;7
edittext_with_delete_button;https://github.com/xuningjack/edittext_with_delete_button;xuningjack;145;Java;0;0;0;6
AndroidDesignSupportSample;https://github.com/liuguangqiang/AndroidDesignSupportSample;liuguangqiang;145;Java;0;0;0;8
cloud-shop;https://github.com/chaokunyang/cloud-shop;chaokunyang;145;Java;0;0;0;6
neovim-intellij-complete;https://github.com/vhakulinen/neovim-intellij-complete;vhakulinen;145;Java;0;0;2;7
Mockery;https://github.com/VictorAlbertos/Mockery;VictorAlbertos;145;Java;0;0;5;7
TabPagerIndicatorDemo;https://github.com/shanyao0/TabPagerIndicatorDemo;shanyao0;145;Java;0;0;0;7
asciidoctor-gradle-examples;https://github.com/asciidoctor/asciidoctor-gradle-examples;asciidoctor;145;HTML;0;0;0;8
RetractableToolbar;https://github.com/michelelacorte/RetractableToolbar;michelelacorte;145;Java;0;0;0;7
BiometricPromptDemo;https://github.com/gaoyangcr7/BiometricPromptDemo;gaoyangcr7;145;Java;0;0;0;5
javaspecialists;https://github.com/kabutz/javaspecialists;kabutz;145;Java;0;0;0;11
TagLayout;https://github.com/Rukey7/TagLayout;Rukey7;144;Java;0;0;7;7
murfree;https://github.com/252217616/murfree;252217616;144;Java;0;0;0;4
ChatProject;https://github.com/SuperSaltedFish/ChatProject;SuperSaltedFish;144;Java;0;0;0;5
PileLayout;https://github.com/LineChen/PileLayout;LineChen;144;Java;0;0;0;6
RecyclerViewAdapter;https://github.com/shehuan/RecyclerViewAdapter;shehuan;144;Java;0;0;7;7
MsvSearch;https://github.com/claudiodegio/MsvSearch;claudiodegio;144;Java;0;0;0;6
parse4j;https://github.com/thiagolocatelli/parse4j;thiagolocatelli;144;Java;0;0;0;9
ComposeAudio;https://github.com/CrazyZty/ComposeAudio;CrazyZty;144;Java;0;0;0;7
idea-php-generics-plugin;https://github.com/Haehnchen/idea-php-generics-plugin;Haehnchen;144;Shell;0;0;0;4
SwipeRecyclerView;https://github.com/niniloveyou/SwipeRecyclerView;niniloveyou;143;Java;0;0;0;6
springboot-study;https://github.com/FunriLy/springboot-study;FunriLy;143;Java;0;0;0;6
fluency;https://github.com/komamitsu/fluency;komamitsu;143;Java;0;0;1;7
DismissibleImageView;https://github.com/dmallcott/DismissibleImageView;dmallcott;142;Java;0;0;3;6
Dribbble_rebuild;https://github.com/NovelanceF/Dribbble_rebuild;NovelanceF;142;Groovy;0;0;0;9
gravitas;https://github.com/iamralpht/gravitas;iamralpht;142;Java;0;0;0;8
frodo2;https://github.com/android10/frodo2;android10;142;Java;0;0;0;6
android-show-hide-toolbar;https://github.com/rylexr/android-show-hide-toolbar;rylexr;142;Java;0;0;0;8
appcan-android;https://github.com/AppCanOpenSource/appcan-android;AppCanOpenSource;142;CSS;0;0;5;8
Michelangelo;https://github.com/romainpiel/Michelangelo;romainpiel;142;Groovy;0;0;0;9
RichEditText;https://github.com/chen-xiao-dong/RichEditText;chen-xiao-dong;142;Java;0;0;0;7
android-watchlist;https://github.com/ronak-lm/android-watchlist;ronak-lm;142;Java;0;0;1;7
ViscousSwipeItem;https://github.com/Zweihui/ViscousSwipeItem;Zweihui;142;Java;0;0;0;6
logbook;https://github.com/nekopanda/logbook;nekopanda;142;CSS;0;0;67;9
yeoman-maven-plugin;https://github.com/trecloux/yeoman-maven-plugin;trecloux;141;Java;0;0;0;10
Auro;https://github.com/architjn/Auro;architjn;793;Java;0;0;3;8
threadtear;https://github.com/GraxCode/threadtear;GraxCode;791;Java;0;0;24;3
Bubble-Notification;https://github.com/dkmeteor/Bubble-Notification;dkmeteor;788;Java;0;0;0;9
Aceso;https://github.com/meili/Aceso;meili;786;Groovy;0;0;0;6
aliyun-oss-android-sdk;https://github.com/aliyun/aliyun-oss-android-sdk;aliyun;785;Java;0;0;21;7
HighPerformanceFriendsCircle;https://github.com/ighsix/HighPerformanceFriendsCircle;ighsix;785;Java;0;0;0;5
MediathekView;https://github.com/mediathekview/MediathekView;mediathekview;784;Shell;0;0;0;9
pdf-viewer;https://github.com/voicerepublic/pdf-viewer;voicerepublic;783;HTML;0;0;0;4
suro;https://github.com/Netflix/suro;Netflix;783;GAP;0;0;0;10
CurveLoadingView;https://github.com/NickHu150/CurveLoadingView;NickHu150;780;Java;0;0;0;7
ParallaxPager;https://github.com/prolificinteractive/ParallaxPager;prolificinteractive;780;Java;0;0;1;9
pippo;https://github.com/pippo-java/pippo;pippo-java;777;Java;0;0;0;8
JZAndroidChart;https://github.com/JingZhuanDuoYing/JZAndroidChart;JingZhuanDuoYing;775;Java;0;0;61;6
AppUpdater;https://github.com/jenly1314/AppUpdater;jenly1314;774;Java;0;0;24;5
android-JobScheduler;https://github.com/googlearchive/android-JobScheduler;googlearchive;773;Java;0;0;0;9
fontbinding;https://github.com/lisawray/fontbinding;lisawray;772;Java;0;0;0;7
Better-Link-Movement-Method;https://github.com/saket/Better-Link-Movement-Method;saket;771;Java;0;0;5;6
anychat;https://github.com/dianbaer/anychat;dianbaer;770;CSS;0;0;1;5
TemplateAppProject;https://github.com/xuexiangjys/TemplateAppProject;xuexiangjys;770;Java;0;0;0;4
StatusLayoutManager;https://github.com/Bakumon/StatusLayoutManager;Bakumon;769;Java;0;0;5;5
couchdb-lucene;https://github.com/rnewson/couchdb-lucene;rnewson;769;Python;0;0;7;14
AntiAntiDefraud;https://github.com/MinaMichita/AntiAntiDefraud;MinaMichita;768;Java;0;0;1;0
RFAnalyzer;https://github.com/demantz/RFAnalyzer;demantz;766;Java;0;0;0;8
JianDan;https://github.com/ZhaoKaiQiang/JianDan;ZhaoKaiQiang;764;Java;0;0;0;8
neo4j-graph-algorithms;https://github.com/neo4j-contrib/neo4j-graph-algorithms;neo4j-contrib;764;Java;0;0;31;6
elasticsearch-analysis-hanlp;https://github.com/KennFalcon/elasticsearch-analysis-hanlp;KennFalcon;764;Java;0;0;47;6
openalpr-android;https://github.com/SandroMachado/openalpr-android;SandroMachado;761;Java;0;0;5;7
spring-android-samples;https://github.com/spring-attic/spring-android-samples;spring-attic;760;Shell;0;0;0;12
MultiLanguages;https://github.com/getActivity/MultiLanguages;getActivity;758;Java;0;0;9;4
sliding-deck;https://github.com/txusballesteros/sliding-deck;txusballesteros;756;Java;0;0;1;7
openjob;https://github.com/open-job/openjob;open-job;752;Java;0;0;8;1
ImageSelector;https://github.com/donkingliang/ImageSelector;donkingliang;751;Java;0;0;30;6
ColorPicker;https://github.com/jaredrummler/ColorPicker;jaredrummler;750;Java;0;0;0;7
ftc_app;https://github.com/ftctechnh/ftc_app;ftctechnh;745;Java;0;0;13;8
UniversalToast;https://github.com/bboylin/UniversalToast;bboylin;744;Java;0;0;8;5
FirefoxReality;https://github.com/MozillaReality/FirefoxReality;MozillaReality;743;CMake;0;0;76;5
InteractivePlayerView;https://github.com/iammert/InteractivePlayerView;iammert;742;Java;0;0;0;8
CharacterPickerView;https://github.com/imkarl/CharacterPickerView;imkarl;742;Java;0;0;9;7
bulbasaur;https://github.com/alibaba/bulbasaur;alibaba;740;Java;0;0;0;5
stetho-realm;https://github.com/uPhyca/stetho-realm;uPhyca;740;Java;0;0;0;8
RxMarkdown;https://github.com/yydcdut/RxMarkdown;yydcdut;738;Java;0;0;3;7
java-aes-crypto;https://github.com/tozny/java-aes-crypto;tozny;736;Java;0;0;2;8
CC-Tweaked;https://github.com/cc-tweaked/CC-Tweaked;cc-tweaked;734;Java;0;0;161;5
nfcgate;https://github.com/nfcgate/nfcgate;nfcgate;733;Java;0;0;13;8
IRecyclerView;https://github.com/Aspsine/IRecyclerView;Aspsine;732;Java;0;0;7;7
ZhuanLan;https://github.com/bxbxbai/ZhuanLan;bxbxbai;730;Java;0;0;0;8
GoogleArchitectureDemo;https://github.com/Dawish/GoogleArchitectureDemo;Dawish;729;Java;0;0;0;5
Searchable-RecyclerView-Demo;https://github.com/xaverkapeller/Searchable-RecyclerView-Demo;xaverkapeller;728;Java;0;0;0;8
sihai-maven-ssm-alipay;https://github.com/hello-java-maker/sihai-maven-ssm-alipay;hello-java-maker;725;Java;0;0;0;5
Hive-JSON-Serde;https://github.com/rcongiu/Hive-JSON-Serde;rcongiu;723;Java;0;0;0;12
Android-Rate;https://github.com/hotchemi/Android-Rate;hotchemi;720;Java;0;0;6;9
react-native-firestack;https://github.com/fullstackreact/react-native-firestack;fullstackreact;719;JavaScript;0;0;0;7
objectify;https://github.com/objectify/objectify;objectify;718;Java;0;0;0;11
hivemq-mqtt-client;https://github.com/hivemq/hivemq-mqtt-client;hivemq;717;Java;0;0;13;5
gauges-android;https://github.com/gaugesapp/gauges-android;gaugesapp;715;Java;0;0;0;11
Xinguan;https://github.com/zykzhangyukang/Xinguan;zykzhangyukang;714;Java;0;0;0;3
maptool;https://github.com/RPTools/maptool;RPTools;711;HTML;0;0;52;8
cordova-admob-pro;https://github.com/floatinghotpot/cordova-admob-pro;floatinghotpot;711;Java;0;0;0;9
NoNonsense-FilePicker;https://github.com/spacecowboy/NoNonsense-FilePicker;spacecowboy;710;Java;0;0;26;9
WaterDropListView;https://github.com/THEONE10211024/WaterDropListView;THEONE10211024;709;Java;0;0;0;8
android-drag-FlowLayout;https://github.com/LightSun/android-drag-FlowLayout;LightSun;709;Java;0;0;4;7
barber;https://github.com/ZacSweers/barber;ZacSweers;708;Java;0;0;8;8
Hardwarecode;https://github.com/1998lixin/Hardwarecode;1998lixin;708;Java;0;0;0;6
tinker-manager;https://github.com/typ0520/tinker-manager;typ0520;707;Java;0;0;0;6
Flowing-Gradient;https://github.com/dynamitechetan/Flowing-Gradient;dynamitechetan;706;Java;0;0;0;7
metrics-spring;https://github.com/ryantenney/metrics-spring;ryantenney;706;Java;0;0;7;11
VirtualUETool;https://github.com/zhangke3016/VirtualUETool;zhangke3016;706;Java;0;0;0;4
MultiScrollDemo;https://github.com/SiberiaDante/MultiScrollDemo;SiberiaDante;704;Java;0;0;0;5
jade4j;https://github.com/neuland/jade4j;neuland;702;Shell;0;0;31;11
BiomesOPlenty;https://github.com/Glitchfiend/BiomesOPlenty;Glitchfiend;702;Java;0;0;18;10
NEW_xp_CAPTCHA;https://github.com/smxiazi/NEW_xp_CAPTCHA;smxiazi;701;Java;0;0;8;2
testsigma;https://github.com/testsigmahq/testsigma;testsigmahq;701;Dockerfile;0;0;30;1
remote-method-guesser;https://github.com/qtc-de/remote-method-guesser;qtc-de;700;Dockerfile;0;0;17;3
cloud-native-workshop;https://github.com/joshlong/cloud-native-workshop;joshlong;697;Java;0;0;0;7
android-mvp-pattern;https://github.com/kaedea/android-mvp-pattern;kaedea;696;Java;0;0;0;8
spring-boot-microservices-workshop;https://github.com/koushikkothagal/spring-boot-microservices-workshop;koushikkothagal;696;Java;0;0;0;4
ZuulC;https://github.com/ProgrammerAnthony/ZuulC;ProgrammerAnthony;696;Java;0;0;0;7
ud839_Miwok;https://github.com/udacity/ud839_Miwok;udacity;695;Java;0;0;0;7
ApkSignatureKiller;https://github.com/L-JINBIN/ApkSignatureKiller;L-JINBIN;695;Java;0;0;0;5
wx-api;https://github.com/niefy/wx-api;niefy;694;Java;0;0;1;3
oh-my-email;https://github.com/hellokaton/oh-my-email;hellokaton;692;Java;0;0;1;7
HappyBubble;https://github.com/xujiaji/HappyBubble;xujiaji;692;Java;0;0;8;5
rocker;https://github.com/fizzed/rocker;fizzed;692;ANTLR;0;0;0;8
NumberAnimTextView;https://github.com/Bakumon/NumberAnimTextView;Bakumon;691;Java;0;0;0;6
android-testing-guide;https://github.com/ravidsrk/android-testing-guide;ravidsrk;691;Java;0;0;0;7
spring-cloud-contract;https://github.com/spring-cloud/spring-cloud-contract;spring-cloud;689;Shell;0;0;5;7
android-unit-testing-tutorial;https://github.com/ChrisZou/android-unit-testing-tutorial;ChrisZou;688;Java;0;0;0;7
asyncload;https://github.com/alibaba/asyncload;alibaba;688;Java;0;0;0;12
ShiroScan;https://github.com/fupinglee/ShiroScan;fupinglee;688;Java;0;0;2;3
FloatMenuSample;https://github.com/crosg/FloatMenuSample;crosg;687;Java;0;0;0;7
Chinese-number-gestures-recognition;https://github.com/tz28/Chinese-number-gestures-recognition;tz28;685;Java;0;0;0;5
CameraModule;https://github.com/Yalantis/CameraModule;Yalantis;685;Java;0;0;0;9
spring-data-relational;https://github.com/spring-projects/spring-data-relational;spring-projects;685;Shell;0;0;96;6
californium;https://github.com/eclipse-californium/californium;eclipse-californium;685;HTML;0;0;28;7
oozie;https://github.com/apache/oozie;apache;684;Shell;0;0;0;11
FragmentNavigator;https://github.com/Aspsine/FragmentNavigator;Aspsine;683;Java;0;0;4;7
RxJavaLearningMaterial;https://github.com/Carson-Ho/RxJavaLearningMaterial;Carson-Ho;683;Java;0;0;0;6
SlidingCard;https://github.com/mxn21/SlidingCard;mxn21;679;Java;0;0;0;8
yauaa;https://github.com/nielsbasjes/yauaa;nielsbasjes;679;ANTLR;0;0;52;7
AndroidScreenShot_SysApi;https://github.com/BruceWind/AndroidScreenShot_SysApi;BruceWind;678;Java;0;0;1;6
platform_packages_apps_browser;https://github.com/aosp-mirror/platform_packages_apps_browser;aosp-mirror;192;Makefile;0;0;0;14
spring-integration-java-dsl;https://github.com/spring-attic/spring-integration-java-dsl;spring-attic;192;HTML;0;0;0;8
xxl-cache;https://github.com/xuxueli/xxl-cache;xuxueli;191;CSS;0;0;0;7
DDAutoTracker;https://github.com/luojilab/DDAutoTracker;luojilab;191;Java;0;0;0;5
story-admin;https://github.com/sunnj/story-admin;sunnj;191;Java;0;0;0;4
LogCollector;https://github.com/ljuns/LogCollector;ljuns;191;Java;0;0;0;5
sample-simplepio;https://github.com/androidthings/sample-simplepio;androidthings;191;Java;0;0;0;6
nested-recycler-view;https://github.com/msahakyan/nested-recycler-view;msahakyan;191;Java;0;0;0;7
filecrush;https://github.com/edwardcapriolo/filecrush;edwardcapriolo;191;Java;0;0;2;11
JNCryptor;https://github.com/RNCryptor/JNCryptor;RNCryptor;191;Java;0;0;4;9
jcifs;https://github.com/codelibs/jcifs;codelibs;191;Java;0;0;0;7
elasticsearch-jest-example;https://github.com/ameizi/elasticsearch-jest-example;ameizi;190;Java;0;0;0;8
acgn-community;https://github.com/taoyimin/acgn-community;taoyimin;190;Java;0;0;0;6
webrtc-android;https://github.com/pristineio/webrtc-android;pristineio;190;Java;0;0;0;9
dubbo-rpc-jsonrpc;https://github.com/apache/dubbo-rpc-jsonrpc;apache;190;Java;0;0;1;8
ActivitySplitAnimation;https://github.com/Udinic/ActivitySplitAnimation;Udinic;190;Java;0;0;0;10
ijkplayer;https://github.com/l123456789jy/ijkplayer;l123456789jy;190;Java;0;0;0;7
flink-remote-shuffle;https://github.com/flink-extended/flink-remote-shuffle;flink-extended;190;Dockerfile;0;0;1;1
xcloud-shield;https://github.com/mistertest/xcloud-shield;mistertest;190;Java;0;0;4;8
retro-dagger-example;https://github.com/fr4nk1/retro-dagger-example;fr4nk1;189;Java;0;0;0;8
permiso;https://github.com/greysonp/permiso;greysonp;189;Java;0;0;6;7
java-avancado;https://github.com/jpbaterabsb/java-avancado;jpbaterabsb;189;HTML;0;0;0;3
Spring-Framework;https://github.com/hmkcode/Spring-Framework;hmkcode;189;Java;0;0;0;10
spring-samples;https://github.com/g00glen00b/spring-samples;g00glen00b;189;Shell;0;0;0;7
owt-client-android;https://github.com/open-webrtc-toolkit/owt-client-android;open-webrtc-toolkit;189;Java;0;0;2;4
sandriosCamera;https://github.com/sandrios/sandriosCamera;sandrios;189;Java;0;0;11;6
CustomBehavior;https://github.com/XiqingLiu/CustomBehavior;XiqingLiu;188;Java;0;0;0;6
PracticalRecyclerView;https://github.com/ssseasonnn/PracticalRecyclerView;ssseasonnn;188;Java;0;0;0;6
simple-spring-memcached;https://github.com/ragnor/simple-spring-memcached;ragnor;188;Java;0;0;12;9
InfiniteScroll;https://github.com/pwittchen/InfiniteScroll;pwittchen;188;Java;0;0;3;7
Douban-Java-SDK-OAuth2;https://github.com/UglyTroLL/Douban-Java-SDK-OAuth2;UglyTroLL;188;Java;0;0;0;11
simplehbase;https://github.com/alibaba/simplehbase;alibaba;187;ANTLR;0;0;10;9
android-tablayouthelper;https://github.com/h6ah4i/android-tablayouthelper;h6ah4i;187;Java;0;0;0;8
ng-spring-boot;https://github.com/g00glen00b/ng-spring-boot;g00glen00b;187;Java;0;0;0;8
nbgit;https://github.com/myabc/nbgit;myabc;187;Java;0;0;0;15
bottomnavigation;https://github.com/saeedsh92/bottomnavigation;saeedsh92;187;Java;0;0;0;6
NoExclamation;https://github.com/Noisyfox/NoExclamation;Noisyfox;187;Java;0;0;2;6
jblog;https://github.com/kingschan1204/jblog;kingschan1204;186;Java;0;0;0;6
sdl_java_suite;https://github.com/smartdevicelink/sdl_java_suite;smartdevicelink;186;Java;0;0;60;8
reading-and-annotate-rocketmq-3.4.6;https://github.com/y123456yz/reading-and-annotate-rocketmq-3.4.6;y123456yz;186;Shell;0;0;0;6
Dynamo;https://github.com/doridori/Dynamo;doridori;186;Java;0;0;2;8
LLRiseTabBar-Android;https://github.com/NoCodeNoWife/LLRiseTabBar-Android;NoCodeNoWife;186;Java;0;0;0;7
AnimatedFrames;https://github.com/InventivetalentDev/AnimatedFrames;InventivetalentDev;186;Java;0;0;26;7
Stepper;https://github.com/CoreyD97/Stepper;CoreyD97;186;Java;0;0;7;4
maui;https://github.com/zelandiya/maui;zelandiya;185;Shell;0;0;0;9
recyclerview-binder;https://github.com/satorufujiwara/recyclerview-binder;satorufujiwara;185;Java;0;0;3;8
cassandra-mesos-deprecated;https://github.com/mesosphere-backup/cassandra-mesos-deprecated;mesosphere-backup;185;Java;0;0;2;9
YiBo;https://github.com/cattong/YiBo;cattong;185;Java;0;0;0;10
FTBLaunch;https://github.com/Slowpoke101/FTBLaunch;Slowpoke101;185;Python;0;0;0;11
quartz-core-learning;https://github.com/dufyun/quartz-core-learning;dufyun;185;Java;0;0;0;6
cps-mall-cloud;https://github.com/xiaomujiayou/cps-mall-cloud;xiaomujiayou;185;Dockerfile;0;0;0;3
FreeView;https://github.com/jcmore2/FreeView;jcmore2;185;Java;0;0;0;8
SimpleInfiniteCarousel;https://github.com/mrleolink/SimpleInfiniteCarousel;mrleolink;185;Java;0;0;0;10
BTNotifierAndroid;https://github.com/RomascuAndrei/BTNotifierAndroid;RomascuAndrei;185;Java;0;0;0;6
android-gridlayout;https://github.com/dlew/android-gridlayout;dlew;185;Java;0;0;0;11
jerverless;https://github.com/jerverless/jerverless;jerverless;185;Java;0;0;4;4
StepCounter;https://github.com/zhouguangfu09/StepCounter;zhouguangfu09;184;Java;0;0;0;8
thymeleafexamples-stsm;https://github.com/thymeleaf/thymeleafexamples-stsm;thymeleaf;184;Java;0;0;0;11
android-FancyBehaviorDemo;https://github.com/unixzii/android-FancyBehaviorDemo;unixzii;184;Java;0;0;0;6
tcp-long-connection-based-on-apache-mina;https://github.com/sddyljsx/tcp-long-connection-based-on-apache-mina;sddyljsx;184;Java;0;0;0;8
bender;https://github.com/Nextdoor/bender;Nextdoor;184;Makefile;0;0;0;6
xultimate-resource;https://github.com/daniellitoc/xultimate-resource;daniellitoc;184;Java;0;0;0;9
AozoraEpub3;https://github.com/hmdev/AozoraEpub3;hmdev;184;Java;0;0;0;11
sqlbrite-dao;https://github.com/sockeqwe/sqlbrite-dao;sockeqwe;183;Java;0;0;6;8
Cartoon;https://github.com/chrissen0814/Cartoon;chrissen0814;183;Java;0;0;0;5
jshoper3x;https://github.com/sdywcd/jshoper3x;sdywcd;183;JavaScript;0;0;0;10
android-mvp-dagger2-flytranslate;https://github.com/mxdldev/android-mvp-dagger2-flytranslate;mxdldev;183;Java;0;0;0;5
POSA-15;https://github.com/douglascraigschmidt/POSA-15;douglascraigschmidt;183;Java;0;0;0;8
PushLibrary;https://github.com/YoloHuang/PushLibrary;YoloHuang;183;Kotlin;0;0;1;4
rxjava-spring-boot-starter;https://github.com/jmnarloch/rxjava-spring-boot-starter;jmnarloch;183;Java;0;0;1;7
gelfj;https://github.com/t0xa/gelfj;t0xa;183;Java;0;0;0;12
platform_packages_apps_camera;https://github.com/aosp-mirror/platform_packages_apps_camera;aosp-mirror;183;Makefile;0;0;0;14
retrofit2_rxjava2;https://github.com/AxeChen/retrofit2_rxjava2;AxeChen;183;Java;0;0;0;5
ToDoLite-Android;https://github.com/couchbaselabs/ToDoLite-Android;couchbaselabs;183;Java;0;0;0;9
ormlite-examples;https://github.com/j256/ormlite-examples;j256;182;Java;0;0;0;10
oksharedprefs;https://github.com/sevenshal/oksharedprefs;sevenshal;182;Java;0;0;0;5
MZSluggard-code;https://github.com/JianLin-Shen/MZSluggard-code;JianLin-Shen;182;Java;0;0;1;5
WechatOriginalFile;https://github.com/NigelYao/WechatOriginalFile;NigelYao;182;Java;0;0;0;7
android-permission-checker-app;https://github.com/Arjun-sna/android-permission-checker-app;Arjun-sna;182;Java;0;0;3;6
Log4J-RCE-Proof-Of-Concept;https://github.com/HyCraftHD/Log4J-RCE-Proof-Of-Concept;HyCraftHD;182;Java;0;0;0;1
googleads-shopping-samples;https://github.com/googleads/googleads-shopping-samples;googleads;182;Java;0;0;0;9
TextViewSpanClickable;https://github.com/nimengbo/TextViewSpanClickable;nimengbo;181;Java;0;0;0;8
AndroidPullMenu;https://github.com/ShkurtiA/AndroidPullMenu;ShkurtiA;181;Java;0;0;0;8
android-prefs;https://github.com/BoD/android-prefs;BoD;181;Java;0;0;6;8
LoadingBar;https://github.com/xiandanin/LoadingBar;xiandanin;181;Java;0;0;9;7
FlycoTabLayoutZ;https://github.com/li504799868/FlycoTabLayoutZ;li504799868;181;Java;0;0;11;4
Android;https://github.com/shardul/Android;shardul;181;Java;0;0;0;11
asmDemo;https://github.com/Gavin-ZYX/asmDemo;Gavin-ZYX;181;Java;0;0;0;4
boot-stateless-auth;https://github.com/robbertvanwaveren/boot-stateless-auth;robbertvanwaveren;181;Java;0;0;0;8
react-native-action-sheet;https://github.com/yfuks/react-native-action-sheet;yfuks;181;Java;0;0;1;6
FlyTxtView;https://github.com/tosslife/FlyTxtView;tosslife;180;Java;0;0;0;8
view-effects;https://github.com/mirrajabi/view-effects;mirrajabi;180;Java;0;0;0;7
MVideo;https://github.com/mikaelzero/MVideo;mikaelzero;180;Java;0;0;2;6
spring-mvc-rest-exhandler;https://github.com/stormpath/spring-mvc-rest-exhandler;stormpath;180;Java;0;0;0;11
mail-micro-service;https://github.com/hf-hf/mail-micro-service;hf-hf;179;Java;0;0;0;4
geppetto;https://github.com/cloudsmith/geppetto;cloudsmith;179;Java;0;0;0;12
MultiStateView;https://github.com/XuDaojie/MultiStateView;XuDaojie;179;Java;0;0;0;7
sribbble;https://github.com/sugarac/sribbble;sugarac;179;Java;0;0;0;5
Instabug-Android;https://github.com/Instabug/Instabug-Android;Instabug;179;Java;0;0;79;7
MAula01;https://github.com/tlcdio/MAula01;tlcdio;179;Java;0;0;0;2
foremast;https://github.com/intuit/foremast;intuit;130;Shell;0;0;0;4
MyMVPDemo;https://github.com/xu649526275/MyMVPDemo;xu649526275;130;Java;0;0;0;6
zhuma;https://github.com/zhumaer/zhuma;zhumaer;130;Java;0;0;0;5
lib_download;https://github.com/wangdanlizhiyun/lib_download;wangdanlizhiyun;129;Java;0;0;0;7
datepickerdialog;https://github.com/xuningjack/datepickerdialog;xuningjack;129;Java;0;0;0;6
WeekCalendar;https://github.com/loonggg/WeekCalendar;loonggg;129;Java;0;0;5;6
MaterialFBook;https://github.com/ZeeRooo/MaterialFBook;ZeeRooo;129;Java;0;0;11;7
slidingtabs;https://github.com/nispok/slidingtabs;nispok;129;Java;0;0;1;8
weex-hongkong;https://github.com/cyforever123/weex-hongkong;cyforever123;129;Java;0;0;0;6
DateRangePicker;https://github.com/yesidlazaro/DateRangePicker;yesidlazaro;129;Java;0;0;0;8
android-BatchStepSensor;https://github.com/googlearchive/android-BatchStepSensor;googlearchive;129;Java;0;0;0;9
CustomImageView;https://github.com/xuningjack/CustomImageView;xuningjack;129;Java;0;0;0;6
GridImagePicker;https://github.com/habzy/GridImagePicker;habzy;129;Java;0;0;5;8
Blur;https://github.com/robinxdroid/Blur;robinxdroid;129;Java;0;0;0;7
LinearTimer;https://github.com/krtkush/LinearTimer;krtkush;128;Java;0;0;6;6
princess-sys;https://github.com/MurasakiSeiFu/princess-sys;MurasakiSeiFu;128;Java;0;0;0;4
spring-data-mock;https://github.com/mmnaseri/spring-data-mock;mmnaseri;128;Java;0;0;12;8
Trainer;https://github.com/liyanzhao/Trainer;liyanzhao;128;Java;0;0;0;7
AndroidKeyValueStore;https://github.com/lusfold/AndroidKeyValueStore;lusfold;128;Java;0;0;0;7
OpenTripPlanner-for-Android;https://github.com/CUTR-at-USF/OpenTripPlanner-for-Android;CUTR-at-USF;128;Java;0;0;3;11
platform_packages_apps_alarmclock;https://github.com/aosp-mirror/platform_packages_apps_alarmclock;aosp-mirror;128;Makefile;0;0;0;14
RxCommand;https://github.com/listenzz/RxCommand;listenzz;128;Java;0;0;0;6
IndexBarLayout;https://github.com/qdxxxx/IndexBarLayout;qdxxxx;128;Java;0;0;2;6
PlusDemo;https://github.com/hencoder/PlusDemo;hencoder;128;Java;0;0;0;5
AndroidTabbedDialog;https://github.com/ashishbhandari/AndroidTabbedDialog;ashishbhandari;128;Java;0;0;2;7
react-native-fused-location;https://github.com/MustansirZia/react-native-fused-location;MustansirZia;128;Java;0;0;3;6
skype-java-api;https://github.com/taksan/skype-java-api;taksan;128;C;0;0;0;12
android-alltest-gradle-sample;https://github.com/benwilcock/android-alltest-gradle-sample;benwilcock;128;Java;0;0;0;8
FullRecyclerView;https://github.com/thedeveloperworldisyours/FullRecyclerView;thedeveloperworldisyours;127;Java;0;0;0;6
RxSealedUnions;https://github.com/pakoito/RxSealedUnions;pakoito;127;Java;0;0;3;7
word2vec;https://github.com/siegfang/word2vec;siegfang;127;Java;0;0;0;9
Bounce;https://github.com/surahul/Bounce;surahul;127;Java;0;0;0;7
pointZSXY;https://github.com/ProceduralZC/pointZSXY;ProceduralZC;127;Java;0;0;0;3
SuperShadow;https://github.com/MagicMashRoom/SuperShadow;MagicMashRoom;126;Java;0;0;1;6
SWIM;https://github.com/SWIMProjectUCB/SWIM;SWIMProjectUCB;126;Java;0;0;0;12
qpid;https://github.com/apache/qpid;apache;126;Makefile;0;0;0;14
authManager;https://github.com/imalexyang/authManager;imalexyang;126;Java;0;0;0;8
trackballs;https://github.com/xuningjack/trackballs;xuningjack;126;Java;0;0;0;6
XRefreshLayout;https://github.com/li-xiaojun/XRefreshLayout;li-xiaojun;126;Java;0;0;5;6
rest-nettyserver;https://github.com/langke93/rest-nettyserver;langke93;126;Java;0;0;0;10
GestureLock;https://github.com/seashell752/GestureLock;seashell752;126;Java;0;0;0;9
desensitized;https://github.com/DannyHoo/desensitized;DannyHoo;126;Java;0;0;0;6
flink-jdbc-driver;https://github.com/ververica/flink-jdbc-driver;ververica;126;Java;0;0;1;3
name_indexbar;https://github.com/xuningjack/name_indexbar;xuningjack;126;Java;0;0;0;6
monolog-android;https://github.com/huijimuhe/monolog-android;huijimuhe;125;Java;0;0;0;7
GBSlideBar;https://github.com/edanel/GBSlideBar;edanel;125;Java;0;0;2;7
SogoLoading;https://github.com/dengshiwei/SogoLoading;dengshiwei;125;Java;0;0;2;7
vertx-feeds;https://github.com/aesteve/vertx-feeds;aesteve;125;Java;0;0;0;8
AndroidWallet;https://github.com/Cocos-BCX/AndroidWallet;Cocos-BCX;125;Java;0;0;0;4
shrinker;https://github.com/yrom/shrinker;yrom;125;Java;0;0;4;6
FlutterYoutube;https://github.com/ponnamkarthik/FlutterYoutube;ponnamkarthik;125;Java;0;0;0;5
supernode;https://github.com/bitsofproof/supernode;bitsofproof;125;Java;0;0;0;10
pivot4j;https://github.com/mysticfall/pivot4j;mysticfall;125;Java;0;0;0;10
jpropel-light;https://github.com/nicholas22/jpropel-light;nicholas22;125;Java;0;0;0;11
leaguelib;https://github.com/achimala/leaguelib;achimala;124;Java;0;0;0;10
xinkvpn;https://github.com/xinthink/xinkvpn;xinthink;124;Groovy;0;0;0;11
Amap-Move-Example;https://github.com/KellenHu/Amap-Move-Example;KellenHu;124;Java;0;0;0;6
CustomToast;https://github.com/xuningjack/CustomToast;xuningjack;124;Java;0;0;0;6
first-stories-twitter;https://github.com/mvogiatzis/first-stories-twitter;mvogiatzis;124;Java;0;0;0;10
slycalendarview;https://github.com/psinetron/slycalendarview;psinetron;124;Java;0;0;3;4
OpenAlprDroidApp;https://github.com/sujaybhowmick/OpenAlprDroidApp;sujaybhowmick;124;Java;0;0;0;8
vngx-jsch;https://github.com/vngx/vngx-jsch;vngx;124;Java;0;0;0;12
Making-Things-See-Examples;https://github.com/atduskgreg/Making-Things-See-Examples;atduskgreg;124;Java;0;0;0;11
netty_lecture;https://github.com/huiGod/netty_lecture;huiGod;124;Java;0;0;0;6
webfx;https://github.com/brunoborges/webfx;brunoborges;124;Java;0;0;0;10
HenCoderPlus3;https://github.com/rengwuxian/HenCoderPlus3;rengwuxian;124;Java;0;0;0;4
block-chain-demo;https://github.com/simonsjy/block-chain-demo;simonsjy;124;Java;0;0;0;5
DrawingAnimate;https://github.com/Rogero0o/DrawingAnimate;Rogero0o;123;Java;0;0;0;8
AchievementUnlocked-library;https://github.com/DarkionAvey/AchievementUnlocked-library;DarkionAvey;123;Java;0;0;0;8
GridViewPager;https://github.com/109021017/GridViewPager;109021017;123;Java;0;0;0;9
Lottor;https://github.com/keets2012/Lottor;keets2012;123;Java;0;0;0;5
AndroidEspressoIdlingResourcePlayground;https://github.com/FutureProcessing/AndroidEspressoIdlingResourcePlayground;FutureProcessing;123;Java;0;0;0;8
Android-Blur-Launcher;https://github.com/klinker-apps/Android-Blur-Launcher;klinker-apps;123;Java;0;0;0;7
nutch-htmlunit;https://github.com/xautlx/nutch-htmlunit;xautlx;123;XSLT;0;0;0;10
ViseLog;https://github.com/xiaoyaoyou1212/ViseLog;xiaoyaoyou1212;123;Java;0;0;0;6
FBReaction;https://github.com/dbof10/FBReaction;dbof10;123;Java;0;0;0;6
Isolate;https://github.com/EdenStack/Isolate;EdenStack;123;Java;0;0;6;7
Sinking-View;https://github.com/dkmeteor/Sinking-View;dkmeteor;123;Java;0;0;0;9
FlexiImageView;https://github.com/psaravan/FlexiImageView;psaravan;123;Groovy;0;0;0;9
GuideView;https://github.com/xuningjack/GuideView;xuningjack;123;Java;0;0;0;6
sugared-list-animations;https://github.com/cuub/sugared-list-animations;cuub;123;Perl;0;0;0;10
realm-rxjava-example;https://github.com/kboyarshinov/realm-rxjava-example;kboyarshinov;122;Java;0;0;0;8
ListViewWithSofPpanel;https://github.com/nimengbo/ListViewWithSofPpanel;nimengbo;122;Java;0;0;0;8
trident-tutorial;https://github.com/eshioji/trident-tutorial;eshioji;122;Shell;0;0;0;9
android-debugdata-webtool;https://github.com/itgowo/android-debugdata-webtool;itgowo;122;Java;0;0;0;6
ImageLoadingView;https://github.com/yingLanNull/ImageLoadingView;yingLanNull;122;Java;0;0;0;7
ColorImageView;https://github.com/hongyangAndroid/ColorImageView;hongyangAndroid;122;Java;0;0;0;8
bugshaker-android;https://github.com/stkent/bugshaker-android;stkent;122;Java;0;0;0;7
WhatsAppViewPager;https://github.com/jaisonfdo/WhatsAppViewPager;jaisonfdo;122;Java;0;0;0;6
dubbox-demos;https://github.com/shuvigoss/dubbox-demos;shuvigoss;122;Java;0;0;0;7
the-tech-frontier-app;https://github.com/hehonghui/the-tech-frontier-app;hehonghui;122;Java;0;0;0;8
ServerClient;https://github.com/WangErXiao/ServerClient;WangErXiao;122;Java;0;0;0;8
SelfAdjointView;https://github.com/CysionLiu/SelfAdjointView;CysionLiu;122;Java;0;0;0;6
linkagescroll;https://github.com/CarGuo/linkagescroll;CarGuo;122;Java;0;0;0;6
gwt-test-utils;https://github.com/gwt-test-utils/gwt-test-utils;gwt-test-utils;122;Java;0;0;0;11
AutoGo;https://github.com/TellH/AutoGo;TellH;122;Java;0;0;0;7
com.happyprog.tdgotchi;https://github.com/sbastn/com.happyprog.tdgotchi;sbastn;122;Java;0;0;0;12
intellij-protobuf-editor;https://github.com/jvolkman/intellij-protobuf-editor;jvolkman;122;Python;0;0;6;3
runData-Hadoop;https://github.com/NJUJYB/runData-Hadoop;NJUJYB;121;Shell;0;0;0;5
spring-cloud-7simple;https://github.com/zpng/spring-cloud-7simple;zpng;121;Java;0;0;0;6
RecyclerViewDemo;https://github.com/xiazdong/RecyclerViewDemo;xiazdong;140;Java;0;0;0;6
android_contact_picker;https://github.com/codinguser/android_contact_picker;codinguser;140;Java;0;0;0;11
ImageSelectAndCutDemo;https://github.com/Alan-Mo/ImageSelectAndCutDemo;Alan-Mo;140;Java;0;0;0;7
FilterDropDownMenu;https://github.com/leerduo/FilterDropDownMenu;leerduo;140;Java;0;0;0;8
android-ddp-client;https://github.com/kenyee/android-ddp-client;kenyee;140;Java;0;0;0;10
zkclient;https://github.com/adyliu/zkclient;adyliu;140;Java;0;0;2;11
AndroidPdfViewer;https://github.com/tekinarslan/AndroidPdfViewer;tekinarslan;140;Java;0;0;0;8
DragMoreScrollView;https://github.com/jerryion/DragMoreScrollView;jerryion;140;Java;0;0;0;6
chaos-http-proxy;https://github.com/bouncestorage/chaos-http-proxy;bouncestorage;139;Java;0;0;2;8
runtime;https://github.com/asmcup/runtime;asmcup;139;Java;0;0;29;6
CommonLibary;https://github.com/smuyyh/CommonLibary;smuyyh;139;Java;0;0;0;7
beacon-keeper;https://github.com/m039/beacon-keeper;m039;139;Java;0;0;3;8
indeterminate-checkbox;https://github.com/sevar83/indeterminate-checkbox;sevar83;139;Java;0;0;0;7
pager-indicator;https://github.com/panpf/pager-indicator;panpf;139;Java;0;0;4;10
ScrollViewOnTouch;https://github.com/hanks-zyh/ScrollViewOnTouch;hanks-zyh;139;Java;0;0;0;8
StaggeredGridView;https://github.com/bulletnoid/StaggeredGridView;bulletnoid;139;Java;0;0;0;10
CustomClock;https://github.com/xuningjack/CustomClock;xuningjack;139;Java;0;0;0;6
KeepGank;https://github.com/Jerey-Jobs/KeepGank;Jerey-Jobs;139;Java;0;0;1;6
JALSE;https://github.com/Ellzord/JALSE;Ellzord;139;Java;0;0;13;8
vuejs-plugin;https://github.com/postalservice14/vuejs-plugin;postalservice14;139;Java;0;0;0;7
angularj-universal;https://github.com/swaechter/angularj-universal;swaechter;139;TypeScript;0;0;3;6
jleopard;https://github.com/chg122345/jleopard;chg122345;139;Java;0;0;5;5
jackson-dataformat-yaml;https://github.com/FasterXML/jackson-dataformat-yaml;FasterXML;139;Shell;0;0;0;11
AndroidNetworkDemo;https://github.com/dodocat/AndroidNetworkDemo;dodocat;138;Java;0;0;0;8
backbone-jax-cellar;https://github.com/ccoenraets/backbone-jax-cellar;ccoenraets;138;Java;0;0;0;11
Retrofit-Android-Basic;https://github.com/basil2style/Retrofit-Android-Basic;basil2style;138;Java;0;0;0;8
AChartEngine;https://github.com/jondwillis/AChartEngine;jondwillis;138;Java;0;0;0;11
DRouter;https://github.com/HCDarren/DRouter;HCDarren;138;Kotlin;0;0;0;5
stash-jenkins-postreceive-webhook;https://github.com/mohamicorp/stash-jenkins-postreceive-webhook;mohamicorp;138;Java;0;0;0;10
simple_net_framework;https://github.com/hehonghui/simple_net_framework;hehonghui;138;Java;0;0;0;8
android-parallax-listview;https://github.com/kanytu/android-parallax-listview;kanytu;138;Java;0;0;2;8
RxFace;https://github.com/MrFuFuFu/RxFace;MrFuFuFu;138;Java;0;0;0;7
Tianchi-Wifi-Positioning;https://github.com/drop-out/Tianchi-Wifi-Positioning;drop-out;138;Python;0;0;0;5
WeChatImageClipping;https://github.com/nicewarm/WeChatImageClipping;nicewarm;138;Java;0;0;0;8
PhotoPicker;https://github.com/CNCoderX/PhotoPicker;CNCoderX;138;Java;0;0;2;6
stitch-examples;https://github.com/mongodb/stitch-examples;mongodb;138;JavaScript;0;0;0;6
AndroidStarter;https://github.com/RoRoche/AndroidStarter;RoRoche;138;Java;0;0;0;7
storm;https://github.com/mesos/storm;mesos;138;Python;0;0;20;9
PluginTheme;https://github.com/jiangyinbin/PluginTheme;jiangyinbin;138;Java;0;0;0;8
cordova-android-chromeview;https://github.com/thedracle/cordova-android-chromeview;thedracle;138;Shell;0;0;0;10
RotatePhotoView;https://github.com/ChenSiLiang/RotatePhotoView;ChenSiLiang;138;Java;0;0;1;7
IOSToggleButton;https://github.com/xuningjack/IOSToggleButton;xuningjack;138;Java;0;0;0;6
AndroidAnimationsActions;https://github.com/dtx12/AndroidAnimationsActions;dtx12;137;Java;0;0;0;8
ihepai;https://github.com/wqandroid/ihepai;wqandroid;137;Java;0;0;0;8
highcharts-export-server;https://github.com/highcharts/highcharts-export-server;highcharts;137;Java;0;0;0;7
DragIndicatorView;https://github.com/siwangqishiq/DragIndicatorView;siwangqishiq;137;Java;0;0;0;7
MultiListView;https://github.com/xuningjack/MultiListView;xuningjack;137;Java;0;0;0;6
teamcity-slack;https://github.com/enlivenhq/teamcity-slack;enlivenhq;137;Java;0;0;1;9
ceylon-compiler;https://github.com/ceylon/ceylon-compiler;ceylon;137;Makefile;0;0;0;12
android-common;https://github.com/serso/android-common;serso;137;Shell;0;0;0;11
UpdatableFragmentStatePagerAdapter;https://github.com/inloop/UpdatableFragmentStatePagerAdapter;inloop;137;Java;0;0;0;6
mini-hacks;https://github.com/couchbaselabs/mini-hacks;couchbaselabs;137;Java;0;0;0;8
algorithm;https://github.com/tsunghanjacktsai/algorithm;tsunghanjacktsai;137;Java;0;0;0;5
RecyclerViewRenderers;https://github.com/alexrs/RecyclerViewRenderers;alexrs;136;Java;0;0;0;8
AndroidProguardScala;https://github.com/banshee/AndroidProguardScala;banshee;136;Shell;0;0;1;13
elm-plugin;https://github.com/durkiewicz/elm-plugin;durkiewicz;136;Java;0;0;0;7
elasticsearch-opennlp-plugin;https://github.com/spinscale/elasticsearch-opennlp-plugin;spinscale;136;Java;0;0;0;10
flink-htm;https://github.com/htm-community/flink-htm;htm-community;136;Scala;0;0;0;7
SimpleHashSet;https://github.com/liaohuqiu/SimpleHashSet;liaohuqiu;136;Java;0;0;0;8
ssm;https://github.com/NightFlightCaptain/ssm;NightFlightCaptain;136;Java;0;0;0;5
BadgeNumberTree;https://github.com/tielei/BadgeNumberTree;tielei;136;Java;0;0;0;7
Ti.DrawerLayout;https://github.com/manumaticx/Ti.DrawerLayout;manumaticx;136;JavaScript;0;0;3;9
ticktock;https://github.com/ZacSweers/ticktock;ZacSweers;136;Java;0;0;3;3
Character_Line_Feed_TextView;https://github.com/xuningjack/Character_Line_Feed_TextView;xuningjack;136;Java;0;0;0;6
BtPrinter;https://github.com/yefengjie/BtPrinter;yefengjie;136;Java;0;0;0;8
androrm;https://github.com/androrm/androrm;androrm;136;Java;0;0;0;12
react-native-RealRecyclerView;https://github.com/obaniu2006/react-native-RealRecyclerView;obaniu2006;136;Python;0;0;0;6
meepo;https://github.com/wxbty/meepo;wxbty;136;Java;0;0;0;5
foursquare-android-oauth;https://github.com/foursquare/foursquare-android-oauth;foursquare;136;Java;0;0;0;10
letterpress;https://github.com/Pixplicity/letterpress;Pixplicity;135;Java;0;0;1;8
BSearchEdit;https://github.com/YangsBryant/BSearchEdit;YangsBryant;135;Java;0;0;2;3
kafka-statsd-metrics2;https://github.com/airbnb/kafka-statsd-metrics2;airbnb;135;Java;0;0;0;9
spring-boot-fundamentals;https://github.com/leanstacks/spring-boot-fundamentals;leanstacks;135;Java;0;0;0;7
platform_packages_apps_email;https://github.com/aosp-mirror/platform_packages_apps_email;aosp-mirror;135;Makefile;0;0;0;14
Propose;https://github.com/muabe/Propose;muabe;135;Java;0;0;4;8
mongolastic;https://github.com/ozlerhakan/mongolastic;ozlerhakan;135;Java;0;0;23;8
csv-serde;https://github.com/ogrodnek/csv-serde;ogrodnek;135;Java;0;0;0;12
SimpleRecyclerView;https://github.com/xingda920813/SimpleRecyclerView;xingda920813;135;Java;0;0;0;7
AbilityChart;https://github.com/jiefly/AbilityChart;jiefly;135;Java;0;0;0;7
react-native-amap-location;https://github.com/tyao1/react-native-amap-location;tyao1;135;JavaScript;0;0;0;7
ArcImageView;https://github.com/xuningjack/ArcImageView;xuningjack;135;Java;0;0;0;6
BubblePagerIndicator;https://github.com/shuhart/BubblePagerIndicator;shuhart;135;Java;0;0;4;5
MaterialNumberPicker;https://github.com/KasualBusiness/MaterialNumberPicker;KasualBusiness;135;Java;0;0;5;7
IntentLife;https://github.com/ausboyue/IntentLife;ausboyue;135;Java;0;0;5;4
java-mini-profiler-core;https://github.com/alvins82/java-mini-profiler-core;alvins82;135;Java;0;0;0;11
jetcd;https://github.com/justinsb/jetcd;justinsb;134;Shell;0;0;0;10
BatooJPA;https://github.com/BatooOrg/BatooJPA;BatooOrg;134;Java;0;0;0;11
textview-rich-drawable;https://github.com/a-tolstykh/textview-rich-drawable;a-tolstykh;134;Java;0;0;0;6
demo_rvadimage;https://github.com/hongyangAndroid/demo_rvadimage;hongyangAndroid;134;Java;0;0;0;5
Jnario;https://github.com/sebastianbenz/Jnario;sebastianbenz;134;CSS;0;0;0;11
OkDeepLink;https://github.com/jjerry/OkDeepLink;jjerry;134;Java;0;0;0;6
storm-kestrel;https://github.com/nathanmarz/storm-kestrel;nathanmarz;134;Shell;0;0;0;12
fuse-jna;https://github.com/EtiennePerot/fuse-jna;EtiennePerot;134;Shell;0;0;0;11
RxCore;https://github.com/0xm1nam0/RxCore;0xm1nam0;134;Java;0;0;6;6
McQueenRPC;https://github.com/bluedavy/McQueenRPC;bluedavy;134;Java;0;0;0;8
GreenMatter;https://github.com/negusoft/GreenMatter;negusoft;134;Java;0;0;0;8
Mondroid;https://github.com/hitherejoe/Mondroid;hitherejoe;134;Java;0;0;0;7
hrider;https://github.com/NiceSystems/hrider;NiceSystems;133;Java;0;0;0;10
CheckUpdateLibrary;https://github.com/qiangxi/CheckUpdateLibrary;qiangxi;133;Java;0;0;0;6
clamshell-cli;https://github.com/vladimirvivien/clamshell-cli;vladimirvivien;133;Java;0;0;0;9
IOSToggleButton;https://github.com/xuningjack/IOSToggleButton;xuningjack;138;Java;0;0;0;6
AndroidAnimationsActions;https://github.com/dtx12/AndroidAnimationsActions;dtx12;137;Java;0;0;0;8
ihepai;https://github.com/wqandroid/ihepai;wqandroid;137;Java;0;0;0;8
DroidNubeKit;https://github.com/jaumecornado/DroidNubeKit;jaumecornado;137;Java;0;0;0;8
AndroidBroadcastsMonitor;https://github.com/ViliusKraujutis/AndroidBroadcastsMonitor;ViliusKraujutis;137;Java;0;0;0;10
ProjectFrame;https://github.com/Ray512512/ProjectFrame;Ray512512;137;Java;0;0;0;6
highcharts-export-server;https://github.com/highcharts/highcharts-export-server;highcharts;137;Java;0;0;0;7
DragIndicatorView;https://github.com/siwangqishiq/DragIndicatorView;siwangqishiq;137;Java;0;0;0;7
MultiListView;https://github.com/xuningjack/MultiListView;xuningjack;137;Java;0;0;0;6
ceylon-compiler;https://github.com/ceylon/ceylon-compiler;ceylon;137;Makefile;0;0;0;12
teamcity-slack;https://github.com/enlivenhq/teamcity-slack;enlivenhq;137;Java;0;0;1;9
android-common;https://github.com/serso/android-common;serso;137;Shell;0;0;0;11
UpdatableFragmentStatePagerAdapter;https://github.com/inloop/UpdatableFragmentStatePagerAdapter;inloop;137;Java;0;0;0;6
Haddock;https://github.com/saymagic/Haddock;saymagic;137;Java;0;0;0;8
ButtonLoading;https://github.com/rasoulmiri/ButtonLoading;rasoulmiri;137;Java;0;0;10;5
mini-hacks;https://github.com/couchbaselabs/mini-hacks;couchbaselabs;137;Java;0;0;0;8
algorithm;https://github.com/tsunghanjacktsai/algorithm;tsunghanjacktsai;137;Java;0;0;0;5
rxjava-android-example;https://github.com/andrewhr/rxjava-android-example;andrewhr;137;Java;0;0;0;10
imhotep;https://github.com/indeedeng/imhotep;indeedeng;137;Java;0;0;0;9
RecyclerViewRenderers;https://github.com/alexrs/RecyclerViewRenderers;alexrs;136;Java;0;0;0;8
AndroidProguardScala;https://github.com/banshee/AndroidProguardScala;banshee;136;Shell;0;0;1;13
elm-plugin;https://github.com/durkiewicz/elm-plugin;durkiewicz;136;Java;0;0;0;7
elasticsearch-opennlp-plugin;https://github.com/spinscale/elasticsearch-opennlp-plugin;spinscale;136;Java;0;0;0;10
flink-htm;https://github.com/htm-community/flink-htm;htm-community;136;Scala;0;0;0;7
MvpApp;https://github.com/wowo3129/MvpApp;wowo3129;136;Java;0;0;0;7
node-tika;https://github.com/ICIJ/node-tika;ICIJ;136;Java;0;0;0;9
carpentersblocks;https://github.com/Mineshopper/carpentersblocks;Mineshopper;136;Java;0;0;0;9
SimpleHashSet;https://github.com/liaohuqiu/SimpleHashSet;liaohuqiu;136;Java;0;0;0;8
BadgeNumberTree;https://github.com/tielei/BadgeNumberTree;tielei;136;Java;0;0;0;7
Ti.DrawerLayout;https://github.com/manumaticx/Ti.DrawerLayout;manumaticx;136;JavaScript;0;0;3;9
ticktock;https://github.com/ZacSweers/ticktock;ZacSweers;136;Java;0;0;3;3
Character_Line_Feed_TextView;https://github.com/xuningjack/Character_Line_Feed_TextView;xuningjack;136;Java;0;0;0;6
BtPrinter;https://github.com/yefengjie/BtPrinter;yefengjie;136;Java;0;0;0;8
androrm;https://github.com/androrm/androrm;androrm;136;Java;0;0;0;12
react-native-RealRecyclerView;https://github.com/obaniu2006/react-native-RealRecyclerView;obaniu2006;136;Python;0;0;0;6
meepo;https://github.com/wxbty/meepo;wxbty;136;Java;0;0;0;5
personapi_digital_innovation_one;https://github.com/rpeleias-v1/personapi_digital_innovation_one;rpeleias-v1;136;Java;0;0;0;3
CreditCardEditText;https://github.com/wednesday-solutions/CreditCardEditText;wednesday-solutions;136;Java;0;0;0;9
sculptor-boot-generator;https://github.com/cdk8s/sculptor-boot-generator;cdk8s;136;Java;0;0;0;3
foursquare-android-oauth;https://github.com/foursquare/foursquare-android-oauth;foursquare;136;Java;0;0;0;10
letterpress;https://github.com/Pixplicity/letterpress;Pixplicity;135;Java;0;0;1;8
RecylerViewMultiHeaderView;https://github.com/mengzhidaren/RecylerViewMultiHeaderView;mengzhidaren;135;Java;0;0;0;6
BottomNavigationView;https://github.com/brucevanfdm/BottomNavigationView;brucevanfdm;135;Java;0;0;0;6
platform_packages_apps_email;https://github.com/aosp-mirror/platform_packages_apps_email;aosp-mirror;135;Makefile;0;0;0;14
Propose;https://github.com/muabe/Propose;muabe;135;Java;0;0;4;8
SimpleRecyclerView;https://github.com/xingda920813/SimpleRecyclerView;xingda920813;135;Java;0;0;0;7
AbilityChart;https://github.com/jiefly/AbilityChart;jiefly;135;Java;0;0;0;7
react-native-amap-location;https://github.com/tyao1/react-native-amap-location;tyao1;135;JavaScript;0;0;0;7
ArcImageView;https://github.com/xuningjack/ArcImageView;xuningjack;135;Java;0;0;0;6
BubblePagerIndicator;https://github.com/shuhart/BubblePagerIndicator;shuhart;135;Java;0;0;4;5
MaterialNumberPicker;https://github.com/KasualBusiness/MaterialNumberPicker;KasualBusiness;135;Java;0;0;5;7
IntentLife;https://github.com/ausboyue/IntentLife;ausboyue;135;Java;0;0;5;4
PureComment;https://github.com/ZoeyWoohoo/PureComment;ZoeyWoohoo;135;Java;0;0;0;6
java-mini-profiler-core;https://github.com/alvins82/java-mini-profiler-core;alvins82;135;Java;0;0;0;11
java-interview;https://github.com/bootsrc/java-interview;bootsrc;135;Java;0;0;0;4
jetcd;https://github.com/justinsb/jetcd;justinsb;134;Shell;0;0;0;10
NavBar;https://github.com/WakeHao/NavBar;WakeHao;134;Java;0;0;0;6
DataStructureAndAlgos;https://github.com/WiseWolfs/DataStructureAndAlgos;WiseWolfs;134;Java;0;0;0;8
herd;https://github.com/FINRAOS/herd;FINRAOS;134;JavaScript;0;0;15;7
deptective;https://github.com/moditect/deptective;moditect;134;Java;0;0;0;4
BatooJPA;https://github.com/BatooOrg/BatooJPA;BatooOrg;134;Java;0;0;0;11
textview-rich-drawable;https://github.com/a-tolstykh/textview-rich-drawable;a-tolstykh;134;Java;0;0;0;6
demo_rvadimage;https://github.com/hongyangAndroid/demo_rvadimage;hongyangAndroid;134;Java;0;0;0;5
storm-kestrel;https://github.com/nathanmarz/storm-kestrel;nathanmarz;134;Shell;0;0;0;12
OkDeepLink;https://github.com/jjerry/OkDeepLink;jjerry;134;Java;0;0;0;6
fuse-jna;https://github.com/EtiennePerot/fuse-jna;EtiennePerot;134;Shell;0;0;0;11
RxCore;https://github.com/0xm1nam0/RxCore;0xm1nam0;134;Java;0;0;6;6
McQueenRPC;https://github.com/bluedavy/McQueenRPC;bluedavy;134;Java;0;0;0;8
GreenMatter;https://github.com/negusoft/GreenMatter;negusoft;134;Java;0;0;0;8
Mondroid;https://github.com/hitherejoe/Mondroid;hitherejoe;134;Java;0;0;0;7
hrider;https://github.com/NiceSystems/hrider;NiceSystems;133;Java;0;0;0;10
friendlypix-android;https://github.com/googlearchive/friendlypix-android;googlearchive;133;Java;0;0;0;6
AndroidLauncher;https://github.com/JackCho/AndroidLauncher;JackCho;133;Java;0;0;0;9
CheckUpdateLibrary;https://github.com/qiangxi/CheckUpdateLibrary;qiangxi;133;Java;0;0;0;6
exoplayer-textureview;https://github.com/satorufujiwara/exoplayer-textureview;satorufujiwara;133;Java;0;0;0;8
Google_io_2016_timer;https://github.com/eneim/Google_io_2016_timer;eneim;133;Java;0;0;0;7
google-analytics-java;https://github.com/brsanthu/google-analytics-java;brsanthu;133;Java;0;0;0;9
dropwizard-spring-di-security-onejar-example;https://github.com/jacek99/dropwizard-spring-di-security-onejar-example;jacek99;133;Ruby;0;0;0;10
PasscodeView;https://github.com/iamMehedi/PasscodeView;iamMehedi;133;Java;0;0;0;8
dataspread-web;https://github.com/dataspread/dataspread-web;dataspread;133;Java;0;0;9;6
rmq;https://github.com/xetorthio/rmq;xetorthio;133;Java;0;0;0;12
spydra;https://github.com/spotify/spydra;spotify;132;Java;0;0;5;6
yawp;https://github.com/feroult/yawp;feroult;132;Python;0;0;0;9
netty;https://github.com/howdyli/netty;howdyli;132;Java;0;0;0;7
spring-graphql-common;https://github.com/yandooo/spring-graphql-common;yandooo;132;Java;0;0;1;7
morphos;https://github.com/rjsvieira/morphos;rjsvieira;132;Java;0;0;1;6
NotificationCompat2;https://github.com/JakeWharton/NotificationCompat2;JakeWharton;132;N/A;0;0;0;11
trevni;https://github.com/cutting/trevni;cutting;132;Java;0;0;0;11
android-segmented-control-view;https://github.com/klongmitre/android-segmented-control-view;klongmitre;132;Java;0;0;0;8
MutiPhotoChoser;https://github.com/laomengzhu/MutiPhotoChoser;laomengzhu;132;Java;0;0;0;8
HzGrapher;https://github.com/handstudio/HzGrapher;handstudio;132;Java;0;0;0;9
folly;https://github.com/evancharlton/folly;evancharlton;132;Java;0;0;0;10
spring-cloud-security-oauth2-jdbc;https://github.com/jiangchao123/spring-cloud-security-oauth2-jdbc;jiangchao123;132;Java;0;0;0;6
LQRNineGridImageView;https://github.com/GitLqr/LQRNineGridImageView;GitLqr;132;Java;0;0;0;6
MVVMDemo;https://github.com/zhouxu88/MVVMDemo;zhouxu88;132;Java;0;0;0;5
spring-resource-handling;https://github.com/bclozel/spring-resource-handling;bclozel;131;JavaScript;0;0;0;9
MyKeep;https://github.com/daliyan/MyKeep;daliyan;131;Java;0;0;0;8
Despector;https://github.com/Despector/Despector;Despector;131;Java;0;0;0;6
KeepAlive;https://github.com/yangkun19921001/KeepAlive;yangkun19921001;131;Java;0;0;0;4
ApiAutoTest;https://github.com/Tomandy08/ApiAutoTest;Tomandy08;131;Java;0;0;0;4
